,Group,Flank,Sequence,Signal_Non_UV,Signal_UV,Prediction_Upper,Prediction_Lower,Predicted
0,TA,ATAA,GTATGTAATCACGTGAATACATACG,11.090339630053647,8.548931548338574,12.132489458342224,10.048189801765059,11.090339630053641
1,TA,ATAC,GTATGTAATCACGTGACTACATACG,11.090339630053647,10.287639963302828,12.132489458342224,10.048189801765059,11.090339630053641
2,TA,ATAG,GTATGTAATCACGTGAGTACATACG,11.090339630053647,8.78191957451094,12.132489458342224,10.048189801765059,11.090339630053641
3,TA,ATAT,GTATGTAATCACGTGATTACATACG,11.090339630053647,9.626710845584473,12.132489458342224,10.048189801765059,11.090339630053641
4,TA,CTAA,GTATGTACTCACGTGAATACATACG,10.530775339991086,6.8534846470428645,11.569956169204822,9.49159451077734,10.53077533999108
5,TA,CTAC,GTATGTACTCACGTGACTACATACG,11.090339630053647,9.326662055187617,12.132489458342224,10.048189801765059,11.090339630053641
6,TA,CTAG,GTATGTACTCACGTGAGTACATACG,10.981344259991673,7.229702895626474,12.022875228618556,9.939813291364782,10.981344259991669
7,TA,CTAT,GTATGTACTCACGTGATTACATACG,11.090339630053647,8.193666903497645,12.132489458342224,10.048189801765059,11.090339630053641
8,TA,GTAA,GTATGTAGTCACGTGAATACATACG,11.090339630053647,9.471197601750402,12.132489458342224,10.048189801765059,11.090339630053641
9,TA,GTAC,GTATGTAGTCACGTGACTACATACG,11.090339630053647,10.831761655907725,12.132489458342224,10.048189801765059,11.090339630053641
10,TA,GTAG,GTATGTAGTCACGTGAGTACATACG,11.090339630053647,9.7006153231983,12.132489458342224,10.048189801765059,11.090339630053641
11,TA,GTAT,GTATGTAGTCACGTGATTACATACG,11.090339630053647,10.350485722923981,12.132489458342224,10.048189801765059,11.090339630053641
12,TA,TTAA,GTATGTATTCACGTGAATACATACG,10.586053953551886,7.046607937557075,11.625505028454096,9.546602878649669,10.586053953551883
13,TA,TTAC,GTATGTATTCACGTGACTACATACG,11.090339630053647,9.231834074673722,12.132489458342224,10.048189801765059,11.090339630053641
14,TA,TTAG,GTATGTATTCACGTGAGTACATACG,10.722463095918743,7.0994309148959065,11.762602714722185,9.68232347711529,10.722463095918737
15,TA,TTAT,GTATGTATTCACGTGATTACATACG,11.088759072864645,8.118252844602655,12.130899787246417,10.046618358482863,11.08875907286464
16,CG,ACGA,GTATGTAACCACGTGGATACATACG,10.797123593845477,9.453690561146034,11.837653113428225,9.756594074262722,10.797123593845473
17,CG,ACGC,GTATGTAACCACGTGGCTACATACG,10.871573452837987,9.885501905733134,11.91250094737488,9.830645958301083,10.871573452837982
18,CG,ACGG,GTATGTAACCACGTGGGTACATACG,10.899337798441495,9.6165853085807,11.940416051653486,9.858259545229494,10.89933779844149
19,CG,ACGT,GTATGTAACCACGTGGTTACATACG,11.074808024586815,10.117623931637127,12.116868471821267,10.032747577352357,11.074808024586812
20,CG,CCGA,GTATGTACCCACGTGGATACATACG,10.231333402931154,8.38197798267807,11.269138542553367,9.19352826330893,10.23133340293115
21,CG,CCGC,GTATGTACCCACGTGGCTACATACG,10.296660757115033,8.903408342980633,11.334753303221467,9.258568211008589,10.296660757115028
22,CG,CCGG,GTATGTACCCACGTGGGTACATACG,10.369749816595466,8.474936790641449,11.408172335975816,9.331327297215108,10.369749816595462
23,CG,CCGT,GTATGTACCCACGTGGTTACATACG,10.612938599802604,9.252153360946114,11.652522939590554,9.573354260014646,10.6129385998026
24,CG,GCGA,GTATGTAGCCACGTGGATACATACG,10.011310035064874,8.620262845538667,11.04819951408555,8.97442055604419,10.01131003506487
25,CG,GCGC,GTATGTAGCCACGTGGCTACATACG,9.960812619155398,9.116662496178835,10.997503346531053,8.924121891779736,9.960812619155394
26,CG,GCGG,GTATGTAGCCACGTGGGTACATACG,10.238512313498292,8.93088838889606,11.276348689007053,9.200675937989521,10.238512313498287
27,CG,GCGT,GTATGTAGCCACGTGGTTACATACG,10.53212287826962,9.636624310517945,11.571310235041786,9.492935521497444,10.532122878269615
28,CG,TCGA,GTATGTATCCACGTGGATACATACG,10.426602354077664,8.25192448245136,11.465287686925889,9.387917021229429,10.426602354077659
29,CG,TCGC,GTATGTATCCACGTGGCTACATACG,10.419703621711108,8.684218225361725,11.458356777240525,9.381050466181684,10.419703621711104
30,CG,TCGG,GTATGTATCCACGTGGGTACATACG,10.400878331575745,8.475547434384088,11.439444083895786,9.362312579255693,10.40087833157574
31,CG,TCGT,GTATGTATCCACGTGGTTACATACG,10.590415433282157,9.073118577570453,11.629888046242417,9.55094282032189,10.590415433282153
32,ND,NN,GTATGTACGCATATGCGTACATACG,7.534495527344483,6.944918525381796,8.56669158257043,6.50229947211853,7.53449552734448
33,ND,NN,GTATGTACGCGTATGCGTACATACG,7.258412150595307,6.682670364165187,8.290727295255111,6.226097005935495,7.258412150595303
34,ND,NN,GTATGTACGCACGTGCGTACATACG,10.137689731207072,10.131937301571618,11.175095288306578,9.100284174107559,10.137689731207068
35,ND,NN,GTATGTACGCATGTGCGTACATACG,8.82827435729625,8.331762822803366,9.86163116235255,7.794917552239939,8.828274357296245
36,ND,NN,GTATGTACGCACACGCGTACATACG,7.3559605407664606,6.998103744271983,8.388218865801193,6.323702215731721,7.355960540766457
37,ND,NN,GTATGTACGCACGCGCGTACATACG,8.1526300746285,8.28279536815927,9.18502742147876,7.1202327277782285,8.152630074628494
38,ND,NN,GTATGTACGCACACACGTACATACG,6.7912214627261855,6.648491709839676,7.824031952977036,5.758410972475328,6.791221462726182
39,ND,NN,GTATGTACGCACATACGTACATACG,7.440733707389261,6.979406867528153,8.472955736454976,6.408511678323538,7.440733707389257
40,ND,NN,GTATGTACGCACATATGTACATACG,7.313553664880422,6.766174236486369,8.345834711769914,6.281272617990922,7.313553664880418
41,ND,NN,GTATGTACGCACATGTGTACATACG,8.847144211047185,8.49171320211468,9.880538882049862,7.813749540044498,8.84714421104718
42,ND,NN,GTATGTACGCACATGCATACATACG,7.488852955733459,7.655597559521573,8.521059795541285,6.456646115925626,7.4888529557334556
43,ND,NN,GTATGTACGCACATGTATACATACG,7.214872264072525,7.365182503986713,8.247217968629336,6.182526559515707,7.214872264072522
44,ND,NN,GTATGTACGCACATGCACACATACG,6.93828448401696,7.505909195652854,7.970899233671949,5.905669734361965,6.938284484016957
45,ND,NN,GTATGTACGCACATGCGCACATACG,7.242797922793756,7.6597313485604115,8.275123657808184,6.210472187779319,7.242797922793752
46,ND,NN,GTATGTACGCACATGCGCGCATACG,6.995308175989998,7.643943547362886,8.02785686657475,5.96275948540524,6.995308175989995
47,ND,NN,GTATGTACGCACATGCGTGCATACG,7.5139819875113805,7.67231674692002,8.546182453347216,6.481781521675537,7.513981987511377
48,ND,NN,GTATGTACGCACATGCGTATATACG,7.623153068476902,7.6842278670652115,8.655338255572898,6.590967881380899,7.623153068476898
49,ND,NN,GTATGTACGCACATGCGTGTATACG,6.725633702190849,7.282388970753497,7.758543277482146,5.692724126899544,6.725633702190845
50,ND,NN,GTATGCACGCACATGCGTACATACG,7.159680631721799,7.836286585891443,8.192069685489122,6.1272915779544705,7.159680631721796
51,ND,NN,GTATGCGCGCACATGCGTACATACG,6.69641677311769,7.354122143838233,7.729372827384053,5.6634607188513195,6.6964167731176865
52,ND,NN,GTATGTGCGCACATGCGTACATACG,7.866722285136729,7.774836091406624,8.89894612184505,6.834498448428399,7.866722285136725
53,ND,NN,GTATGTATGCACATGCGTACATACG,8.753055515138222,8.438954913699103,9.786267351295068,7.719843678981368,8.753055515138218
54,ND,NN,GTATGTGTGCACATGCGTACATACG,7.90008069713229,8.042510298012797,8.932317647633342,6.86784374663123,7.900080697132286
55,ND,NN,GTATGTACACACATGCGTACATACG,7.695530588620865,7.5229135751092455,8.727716770842887,6.663344406398834,7.695530588620861
56,ND,NN,GTATGTATACACATGCGTACATACG,7.283791576399489,7.262572941327254,8.316090387945856,6.251492764853115,7.283791576399485
57,ND,NN,GTATGTACATACATGCGTACATACG,7.822845290279774,7.114530805398775,8.855054746903368,6.7906358336561725,7.82284529027977
58,ND,NN,GTATGTACGTACATGCGTACATACG,8.002359546252707,7.434433837615181,9.034648447249243,6.97007064525616,8.002359546252702
59,ND,NN,GTATGTACGCGCATGCGTACATACG,7.7266536648476425,7.536155251955131,8.758843002152222,6.694464327543056,7.726653664847639
60,ND,NN,GTATGTACGTGCATGCGTACATACG,8.208083171550836,7.73326374219276,9.24053019023525,7.175636152866415,8.208083171550832
61,ND,NN,GTATGTACGCACATGCGTACATACG,8.852736425219359,8.356993179641341,9.886142433473804,7.819330416964906,8.852736425219355
62,ND,NN,GTATGTACGCATGTGCGTACATACG,8.64479453600996,8.408519931350401,9.67781448913651,7.611774582883397,8.644794536009954
63,ND,NN,GTATGTACGCGTGTGCGTACATACG,7.902857191280582,7.657115002044893,8.935095318199485,6.870619064361671,7.902857191280578
64,ND,NN,GTATGTACGCACATGCGTACATACG,8.771602824604447,8.217493678939563,9.804849519817784,7.738356129391102,8.771602824604443
65,ND,NN,GTATGTACGCATATGCGTACATACG,7.568637498954807,6.909631148733792,8.600827793107436,6.536447204802171,7.5686374989548035
66,ND,NN,GTATGTACGCACACGCGTACATACG,7.402146596284703,7.092256134464717,8.434383637978842,6.3699095545905555,7.402146596284699
67,ND,NN,GTATGTACGCACGCGCGTACATACG,8.102889134640868,8.31652680549857,9.135246353420259,7.070531915861471,8.102889134640865
68,ND,NN,GTATGTACGCACGCACGTACATACG,7.174724309836376,7.014579567131366,8.207101036775667,6.142347582897079,7.174724309836373
69,ND,NN,GTATGTACGCACGTACGTACATACG,7.872836175025724,7.212808685002243,8.90506227421112,6.8406100758403205,7.8728361750257205
70,ND,NN,GTATGTACGCACGTATGTACATACG,7.572245750292278,7.243792152562506,8.604435550910582,6.540055949673967,7.572245750292274
71,ND,NN,GTATGTACGCACGTGTGTACATACG,10.311698886312318,10.078433952068291,11.349858598413494,9.273539174211134,10.311698886312314
72,ND,NN,GTATGTACGCACGTGCATACATACG,10.148412164911996,10.24334667499851,11.185862734085378,9.110961595738607,10.148412164911992
73,ND,NN,GTATGTACGCACGTGTATACATACG,9.333840367961795,9.420135082031436,10.368419063695857,8.299261672227725,9.333840367961791
74,ND,NN,GTATGTACGCACGTGCACACATACG,10.034581602252183,10.276140908676998,11.071564109172707,8.99759909533165,10.034581602252178
75,ND,NN,GTATGTACGCACGTGCGCACATACG,10.229927490659202,10.337709255884159,11.267726523122551,9.192128458195842,10.229927490659197
76,ND,NN,GTATGTACGCACGTGCGCGCATACG,10.135670128501008,10.240778233707003,11.173067228899455,9.098273028102554,10.135670128501005
77,ND,NN,GTATGTACGCACGTGCGTGCATACG,10.11271471859049,10.210589065695057,11.150016175726057,9.075413261454914,10.112714718590485
78,ND,NN,GTATGTACGCACGTGCGTATATACG,10.115408363827857,10.079870629063292,11.152720998461541,9.078095729194166,10.115408363827854
79,ND,NN,GTATGTACGCACGTGCGTGTATACG,10.052919976020414,10.161066023651856,11.089976427546704,9.015863524494113,10.052919976020409
80,ND,NN,GTATGCACGCACGTGCGTACATACG,9.874290434878828,10.055338535044138,10.91065052940516,8.837930340352486,9.874290434878823
81,ND,NN,GTATGCGCGCACGTGCGTACATACG,9.580868910203451,9.984775991463795,10.616201049219482,8.54553677118741,9.580868910203446
82,ND,NN,GTATGTGCGCACGTGCGTACATACG,9.852220573591797,9.97549417234691,10.888498335240262,8.815942811943325,9.852220573591794
83,ND,NN,GTATGTATGCACGTGCGTACATACG,10.738231946851712,10.526949332757136,11.778453147624148,9.69801074607927,10.738231946851709
84,ND,NN,GTATGTGTGCACGTGCGTACATACG,10.343321880723835,10.40830732753934,11.381624060831285,9.305019700616377,10.343321880723831
85,ND,NN,GTATGTACACACGTGCGTACATACG,9.991956200523736,9.802807658448769,11.028769001704969,8.955143399342493,9.991956200523731
86,ND,NN,GTATGTATACACGTGCGTACATACG,9.553752755681337,9.555729298391247,10.588997182928603,8.518508328434065,9.553752755681334
87,ND,NN,GTATGTACATACGTGCGTACATACG,7.749106924191798,7.162283997892615,8.781299556119857,6.716914292263733,7.7491069241917945
88,ND,NN,GTATGTACGTACGTGCGTACATACG,8.141189793457691,7.304118914522451,9.173577540208452,7.108802046706924,8.141189793457688
89,ND,NN,GTATGTACGCGCGTGCGTACATACG,8.340097953593864,8.404919931947576,9.3726841588836,7.307511748304117,8.340097953593858
90,ND,NN,GTATGTACGTGCGTGCGTACATACG,7.23164873339649,7.344221011734958,8.263982282872014,6.19931518392096,7.2316487333964865
91,ND,NN,GTATGTACGCACGTGCGTACATACG,10.095326178021923,10.232194978088453,11.132555771309075,9.05809658473476,10.095326178021917
92,ND,NN,GTATGTACGCACGTGCGTACATACG,10.183257153787544,10.232653775022388,11.220855323702489,9.145658983872591,10.18325715378754
93,ND,NN,GTATGTACGCGCGTGCGTACATACG,8.1307951460253,8.460458487761187,9.163174362159417,7.098415929891176,8.130795146025296
94,ND,NN,GTATGTACGCACATGCGTACATACG,8.725832056527565,8.361120159428966,9.758993778884419,7.692670334170706,8.725832056527562
95,ND,NN,GTATGTACGCATATGCGTACATACG,7.431595839825622,6.9507810100099965,8.463821196253592,6.399370483397645,7.4315958398256186
96,ND,NN,GTATGTACGCATACGCGTACATACG,6.983326465829211,6.5044039321394145,8.015888580235226,5.950764351423189,6.983326465829207
97,ND,NN,GTATGTACGCATGCGCGTACATACG,8.054681427928797,7.73545560395844,9.087003751178921,7.022359104678663,8.054681427928791
98,ND,NN,GTATGTACGCATGCACGTACATACG,8.027639702925786,7.724324373751798,9.059944173858026,6.995335231993538,8.027639702925782
99,ND,NN,GTATGTACGCATGTACGTACATACG,7.776115477098742,7.251850536627916,8.808313203023854,6.743917751173623,7.776115477098738
100,ND,NN,GTATGTACGCATGTATGTACATACG,7.9853141584524145,7.408222394270239,9.017593171880206,6.953035145024616,7.985314158452411
101,ND,NN,GTATGTACGCATGTGTGTACATACG,8.559581957908025,8.06208693155484,9.592464802531152,7.526699113284886,8.55958195790802
102,ND,NN,GTATGTACGCATGTGCATACATACG,7.9897299264972235,7.798249903181911,9.022011454190734,6.957448398803706,7.98972992649722
103,ND,NN,GTATGTACGCATGTGTATACATACG,7.226572580364629,7.345124633167635,8.258909757412798,6.194235403316452,7.226572580364626
104,ND,NN,GTATGTACGCATGTGCACACATACG,7.624130585661289,7.934444332662879,8.656315727107764,6.591945444214807,7.624130585661286
105,ND,NN,GTATGTACGCATGTGCGCACATACG,7.642044402873258,7.949201619453146,8.674228994263242,6.6098598114832665,7.642044402873254
106,ND,NN,GTATGTACGCATGTGCGCGCATACG,7.152268856032539,7.656563435599834,8.184664123851665,6.119873588213408,7.152268856032536
107,ND,NN,GTATGTACGCATGTGCGTGCATACG,7.80016307039296,7.8838064586749415,8.832366371278228,6.767959769507686,7.800163070392957
108,ND,NN,GTATGTACGCATGTGCGTATATACG,8.054046002966988,7.876078144254399,9.086367892524155,7.021724113409814,8.054046002966984
109,ND,NN,GTATGTACGCATGTGCGTGTATACG,7.182731978936364,7.6091208809344675,8.21510230055848,6.150361657314242,7.182731978936361
110,ND,NN,GTATGCACGCATGTGCGTACATACG,7.2643802216708275,7.684766371448622,8.296691427491094,6.232069015850554,7.264380221670824
111,ND,NN,GTATGCGCGCATGTGCGTACATACG,6.967909201801884,7.598291759812037,8.000488946317041,5.93532945728672,6.967909201801881
112,ND,NN,GTATGTGCGCATGTGCGTACATACG,7.96311205897929,8.081527888717474,8.995378931092725,6.930845186865847,7.963112058979286
113,ND,NN,GTATGTATGCATGTGCGTACATACG,8.73165920153676,8.37415412306464,9.764831545435081,7.698486857638427,8.731659201536754
114,ND,NN,GTATGTGTGCATGTGCGTACATACG,7.707736888455909,7.90268095443256,8.739924112598093,6.67554966431372,7.707736888455906
115,ND,NN,GTATGTACACATGTGCGTACATACG,8.989194823324645,8.506533603138616,10.022893825908387,7.955495820740897,8.989194823324642
116,ND,NN,GTATGTATACATGTGCGTACATACG,7.665753431861699,7.513584382242965,8.69793813072409,6.633568732999302,7.665753431861695
117,ND,NN,GTATGTACATATGTGCGTACATACG,7.280697195384741,6.906200897358203,8.312997939981335,6.2483964507881415,7.280697195384738
118,ND,NN,GTATGTACGTATGTGCGTACATACG,7.335633981927201,7.0725211485731,8.367902818168908,6.303365145685489,7.335633981927198
119,ND,NN,GTATGTACGCGTGTGCGTACATACG,7.818832443803404,7.541653480383572,8.851040747956402,6.7866241396503995,7.818832443803401
120,ND,NN,GTATGTACGTGTGTGCGTACATACG,7.424165281042028,7.07640403256009,8.456393447368898,6.391937114715152,7.424165281042025
121,ND,NN,GTATGTACGCATGTGCGTACATACG,8.742654055685607,8.345434425319782,9.775846596804012,7.709461514567192,8.742654055685602
122,ND,NN,GTATGTACACACGTGCATACATACG,9.595262578853017,9.67242232299081,10.630641777871753,8.559883379834273,9.595262578853013
123,ND,NN,GTATGTACACACGTGCGTACATACG,10.07097039142491,9.900180916198291,11.108100174728808,9.033840608121,10.070970391424904
124,ND,NN,GTATGTACACACGTGTATACATACG,9.50177788392938,9.231939735952217,10.536857639430602,8.466698128428147,9.501777883929375
125,ND,NN,GTATGTACACACGTGTGTACATACG,10.260409965851789,9.750530172130622,11.298342149666292,9.222477782037279,10.260409965851785
126,ND,NN,GTATGTACGCACGTGCATACATACG,10.159214453746358,10.203281079799325,11.196710564090399,9.12171834340231,10.159214453746355
127,ND,NN,GTATGTACGCACGTGCGTACATACG,10.124689219612996,10.208158208884077,11.162040458603002,9.087337980622983,10.124689219612993
128,ND,NN,GTATGTACGCACGTGTATACATACG,9.296930827057281,9.570610128778508,10.331405753620857,8.262455900493698,9.296930827057277
129,ND,NN,GTATGTACGCACGTGTGTACATACG,10.31690429576524,10.111181254681696,11.355087344886847,9.278721246643627,10.316904295765237
130,ND,NN,GTATGTATACACGTGCATACATACG,10.127190947108852,9.829679993277797,11.164552616791266,9.089829277426428,10.127190947108847
131,ND,NN,GTATGTATACACGTGCGTACATACG,9.520211926800217,9.527480367692686,10.555349567826983,8.48507428577344,9.520211926800211
132,ND,NN,GTATGTATACACGTGTATACATACG,10.207805478639335,9.605121910307624,11.24550884861119,9.17010210866747,10.20780547863933
133,ND,NN,GTATGTATACACGTGTGTACATACG,10.135531378637058,9.648197993799451,11.172927898296651,9.098134858977458,10.135531378637054
134,ND,NN,GTATGTATGCACGTGCATACATACG,10.787472011324938,10.50136186254154,11.827950608541165,9.746993414108701,10.787472011324933
135,ND,NN,GTATGTATGCACGTGCGTACATACG,10.730367667909604,10.562136058460938,11.770548130503261,9.69018720531594,10.7303676679096
136,ND,NN,GTATGTATGCACGTGTATACATACG,10.664830620408827,10.193571698657555,11.704675571582344,9.624985669235299,10.664830620408821
137,ND,NN,GTATGTATGCACGTGTGTACATACG,10.352091968119709,10.22573770907004,11.390433953925081,9.313749982314329,10.352091968119705
138,ND,NN,GCACGTGCATGCACGCATACATACA,10.561706792794787,10.332645641274588,11.601038214933114,9.522375370656453,10.561706792794784
139,ND,NN,CACGTGCATGCACGCATACATACAC,9.710084825731355,8.916397170399817,10.745851876549372,8.674317774913328,9.71008482573135
140,ND,NN,GTATGTACATGCACGTGCACATACA,10.122984462930141,10.137863928882124,11.160328600095443,9.085640325764832,10.122984462930138
141,ND,NN,GTATGTACATGCGCACGTGCATACA,9.249657234353133,9.520013822069961,10.284002600776677,8.215311867929582,9.24965723435313
142,ND,NN,GTATGTACATGCACGCACGTGCACA,9.06577692078483,9.28611748396414,10.099654109083572,8.031899732486076,9.065776920784824
143,ND,NN,GTATGTACATGCACGCGCACGTGCA,9.039848566935806,9.492805706149245,10.073664320277409,8.006032813594196,9.039848566935802
144,ND,NN,GTGCACGTGCGCACGCATACATACA,10.92191962407671,10.795631466773358,11.963121433297381,9.880717814856027,10.921919624076704
145,ND,NN,GTATGCACGTGCACGCATACATACA,10.831795784127593,10.831761655907725,11.87250950627401,9.791082061981168,10.83179578412759
146,ND,NN,GTATGTGCACGTGCGCATACATACA,10.685801078139908,10.606643806948467,11.725752612265074,9.645849544014732,10.685801078139903
147,ND,NN,GTATGTACGCACGTGCATACATACA,10.010187171195184,10.19548344653648,11.04707218445078,8.973302157939582,10.01018717119518
