Label,Position,Variant,Sequence,Signal_Non_UV,Signal_UV,Signal_UV_PreScale,Prediction_Upper,Prediction_Lower,Predicted
ATACGCGTGGGCGTGCAT,-1,W,ACATACGCGTGGGCGTGCATACGTACGCACACATACACATACACACATACACATACGCAC,10.631120697302814,10.440317678673695,10.130105062661839,11.137768353133554,10.12447304147211,10.631120697302832
ATACGCGTGGGCGTGCAT,2,C,ACCTACGCGTGGGCGTGCATACGTACGCACACATACACATACACACATACACATACGCAC,10.762837493947472,10.776029871000604,10.349870650556843,11.270485368984504,10.255189618910476,10.76283749394749
ATACGCGTGGGCGTGCAT,2,CA,ACCAACGCGTGGGCGTGCATACGTACGCACACATACACATACACACATACACATACGCAC,10.695121679810727,10.751641482238545,10.33390540199987,11.20224941914157,10.18799394047992,10.695121679810745
ATACGCGTGGGCGTGCAT,2,CC,ACCCACGCGTGGGCGTGCATACGTACGCACACATACACATACACACATACACATACGCAC,10.957616638745236,11.146478650450513,10.59237567617569,11.466830152138863,10.448403125351645,10.957616638745254
ATACGCGTGGGCGTGCAT,2,CG,ACCGACGCGTGGGCGTGCATACGTACGCACACATACACATACACACATACACATACGCAC,10.62667885444445,10.492101364264503,10.16400395691514,11.133293607387529,10.120064101501406,10.626678854444467
ATACGCGTGGGCGTGCAT,2,G,ACGTACGCGTGGGCGTGCATACGTACGCACACATACACATACACACATACACATACGCAC,10.494657376983609,10.370963878741668,10.084704332622303,11.000318920181504,9.988995833785749,10.494657376983627
ATACGCGTGGGCGTGCAT,2,GA,ACGAACGCGTGGGCGTGCATACGTACGCACACATACACATACACACATACACATACGCAC,10.505574260480923,10.533647162741323,10.191200874499637,11.011312806209556,9.999835714752326,10.505574260480941
ATACGCGTGGGCGTGCAT,2,GC,ACGCACGCGTGGGCGTGCATACGTACGCACACATACACATACACACATACACATACGCAC,10.570470413075393,10.327171810902104,10.056036950996413,11.076673478587034,10.064267347563787,10.57047041307541
ATACGCGTGGGCGTGCAT,2,GG,ACGGACGCGTGGGCGTGCATACGTACGCACACATACACATACACACATACACATACGCAC,10.387239982375185,10.31608258187883,10.048777664645474,10.89216139738138,9.882318567369026,10.387239982375203
ATACGCGTGGGCGTGCAT,2,T,ACTTACGCGTGGGCGTGCATACGTACGCACACATACACATACACACATACACATACGCAC,10.471808200149228,10.29412878355081,10.034406159807821,10.977309639647078,9.966306760651413,10.471808200149246
ATACGCGTGGGCGTGCAT,2,TA,ACTAACGCGTGGGCGTGCATACGTACGCACACATACACATACACACATACACATACGCAC,10.501856911563934,10.578632714665162,10.22064954062284,11.007569199993464,9.99614462313444,10.501856911563952
ATACGCGTGGGCGTGCAT,2,TC,ACTCACGCGTGGGCGTGCATACGTACGCACACATACACATACACACATACACATACGCAC,10.709840643009343,10.416321502375487,10.114396566181995,11.21708037644169,10.202600909577033,10.709840643009361
ATACGCGTGGGCGTGCAT,2,TG,ACTGACGCGTGGGCGTGCATACGTACGCACACATACACATACACACATACACATACGCAC,10.523324519571378,10.342569214397912,10.066116475984346,11.029188968195296,10.017460070947497,10.523324519571396
ATACGCGTGGGCGTGCAT,3,A,ACAAACGCGTGGGCGTGCATACGTACGCACACATACACATACACACATACACATACGCAC,10.538661281320572,10.600281858932112,10.234821611301218,11.04463521246575,10.03268735017543,10.53866128132059
ATACGCGTGGGCGTGCAT,3,AC,ACAACCGCGTGGGCGTGCATACGTACGCACACATACACATACACACATACACATACGCAC,10.392956742473556,9.941231735432469,9.803390935997843,10.897916743495244,9.887996741451904,10.392956742473574
ATACGCGTGGGCGTGCAT,3,AG,ACAAGCGCGTGGGCGTGCATACGTACGCACACATACACATACACACATACACATACGCAC,10.569135059393489,10.6210335104064,10.248406160776259,11.075328449864077,10.062941668922935,10.569135059393506
ATACGCGTGGGCGTGCAT,3,AT,ACAATCGCGTGGGCGTGCATACGTACGCACACATACACATACACACATACACATACGCAC,10.474043280509886,10.256204994450735,10.009580300046766,10.979560317625705,9.968526243394102,10.474043280509903
ATACGCGTGGGCGTGCAT,3,C,ACACACGCGTGGGCGTGCATACGTACGCACACATACACATACACACATACACATACGCAC,10.682112643259549,10.619734606422393,10.247555865778969,11.189141891896838,10.175083394622295,10.682112643259567
ATACGCGTGGGCGTGCAT,3,CC,ACACCCGCGTGGGCGTGCATACGTACGCACACATACACATACACACATACACATACGCAC,10.51690135257596,10.593687095358968,10.23050451431515,11.02272014137137,10.011082563780587,10.516901352575978
ATACGCGTGGGCGTGCAT,3,CG,ACACGCGCGTGGGCGTGCATACGTACGCACACATACACATACACACATACACATACGCAC,10.686909529335855,10.753502780576959,10.335123854391348,11.193975041088269,10.179844017583477,10.686909529335873
ATACGCGTGGGCGTGCAT,3,CT,ACACTCGCGTGGGCGTGCATACGTACGCACACATACACATACACACATACACATACGCAC,10.424511001278566,9.947676304094225,9.80760971164273,10.929685609052141,9.919336393505025,10.424511001278583
ATACGCGTGGGCGTGCAT,3,G,ACAGACGCGTGGGCGTGCATACGTACGCACACATACACATACACACATACACATACGCAC,10.504903142496481,10.438306927031642,10.128788774404137,11.010636945001748,9.99916933999125,10.504903142496499
ATACGCGTGGGCGTGCAT,3,GC,ACAGCCGCGTGGGCGTGCATACGTACGCACACATACACATACACACATACACATACGCAC,10.529399245077244,10.074304397431474,9.890503624977834,11.035306981110843,10.02349150904368,10.529399245077261
ATACGCGTGGGCGTGCAT,3,GG,ACAGGCGCGTGGGCGTGCATACGTACGCACACATACACATACACACATACACATACGCAC,10.570496075486378,10.494542195086643,10.16560178574841,11.076699326977932,10.06429282399486,10.570496075486396
ATACGCGTGGGCGTGCAT,3,GT,ACAGTCGCGTGGGCGTGCATACGTACGCACACATACACATACACACATACACATACGCAC,10.392956742473556,10.19545759949006,9.969813537707605,10.897916743495244,9.887996741451904,10.392956742473574
ATACGCGTGGGCGTGCAT,4,C,ACATCCGCGTGGGCGTGCATACGTACGCACACATACACATACACACATACACATACGCAC,10.461688053711269,10.216822376908395,9.983799454742796,10.967119041792985,9.956257065629588,10.461688053711287
ATACGCGTGGGCGTGCAT,4,CA,ACATCAGCGTGGGCGTGCATACGTACGCACACATACACATACACACATACACATACGCAC,10.38172283358165,10.04654591135769,9.872332226528473,10.886607095677494,9.876838571485841,10.381722833581668
ATACGCGTGGGCGTGCAT,4,CG,ACATCGGCGTGGGCGTGCATACGTACGCACACATACACATACACACATACACATACGCAC,10.498539428429659,10.184014101830567,9.962322338257021,11.004228316148208,9.992850540711146,10.498539428429677
ATACGCGTGGGCGTGCAT,4,CT,ACATCTGCGTGGGCGTGCATACGTACGCACACATACACATACACACATACACATACGCAC,10.454898342780828,10.413411507282955,10.112491610696615,10.96028222273648,9.949514462825212,10.454898342780846
ATACGCGTGGGCGTGCAT,4,G,ACATGCGCGTGGGCGTGCATACGTACGCACACATACACATACACACATACACATACGCAC,10.51591262801771,10.514654865518782,10.178768042270166,11.021724398440313,10.010100857595145,10.515912628017729
ATACGCGTGGGCGTGCAT,4,GA,ACATGAGCGTGGGCGTGCATACGTACGCACACATACACATACACACATACACATACGCAC,10.508704752501131,10.227043712173316,9.990490596157702,11.01446543982977,10.002944065172528,10.50870475250115
ATACGCGTGGGCGTGCAT,4,GG,ACATGGGCGTGGGCGTGCATACGTACGCACACATACACATACACACATACACATACGCAC,10.534080907812747,10.344158817449877,10.067157069853796,11.040022073848275,10.028139741777254,10.534080907812765
ATACGCGTGGGCGTGCAT,4,GT,ACATGTGCGTGGGCGTGCATACGTACGCACACATACACATACACACATACACATACGCAC,10.625052107457568,10.70765684748041,10.305111961258355,11.131654823825109,10.118449391090063,10.625052107457586
ATACGCGTGGGCGTGCAT,4,T,ACATTCGCGTGGGCGTGCATACGTACGCACACATACACATACACACATACACATACGCAC,10.478822009499007,10.033329857667088,9.863680667617741,10.98437244144464,9.97327157755341,10.478822009499025
ATACGCGTGGGCGTGCAT,4,TA,ACATTAGCGTGGGCGTGCATACGTACGCACACATACACATACACACATACACATACGCAC,10.338527643984696,10.452810165444715,10.138282956590785,10.843123941339618,9.833931346629809,10.338527643984714
ATACGCGTGGGCGTGCAT,4,TG,ACATTGGCGTGGGCGTGCATACGTACGCACACATACACATACACACATACACATACGCAC,10.388041066963256,10.203086663780418,9.974807713782171,10.89296788354297,9.883114250383576,10.388041066963273
ATACGCGTGGGCGTGCAT,4,TT,ACATTTGCGTGGGCGTGCATACGTACGCACACATACACATACACACATACACATACGCAC,10.48078888238474,10.1971364097606,9.970912528850917,10.986353077579054,9.975224687190462,10.480788882384758
ATACGCGTGGGCGTGCAT,5,A,ACATAAGCGTGGGCGTGCATACGTACGCACACATACACATACACACATACACATACGCAC,10.409506643408031,10.13319949725756,9.929057828647657,10.914578860107342,9.904434426708756,10.409506643408049
ATACGCGTGGGCGTGCAT,5,AA,ACATAAACGTGGGCGTGCATACGTACGCACACATACACATACACACATACACATACGCAC,10.333986678363933,9.823563654539864,9.726362470648992,10.838553003468126,9.829420353259776,10.333986678363951
ATACGCGTGGGCGTGCAT,5,AC,ACATAACCGTGGGCGTGCATACGTACGCACACATACACATACACACATACACATACGCAC,10.203851370643852,9.714052246269812,9.654673566969729,10.707583102497427,9.700119638790309,10.203851370643868
ATACGCGTGGGCGTGCAT,5,AT,ACATAATCGTGGGCGTGCATACGTACGCACACATACACATACACACATACACATACGCAC,10.19557864097637,9.5432716161931,9.54287630006159,10.699258911512459,9.691898370440313,10.195578640976386
ATACGCGTGGGCGTGCAT,5,G,ACATAGGCGTGGGCGTGCATACGTACGCACACATACACATACACACATACACATACGCAC,10.532549442567325,10.314959303703333,10.048042338689939,11.038479666343415,10.02661921879127,10.532549442567342
ATACGCGTGGGCGTGCAT,5,GA,ACATAGACGTGGGCGTGCATACGTACGCACACATACACATACACACATACACATACGCAC,10.255657363586069,10.021641232193783,9.856029001376427,10.75971569670472,9.751599030467453,10.255657363586087
ATACGCGTGGGCGTGCAT,5,GC,ACATAGCCGTGGGCGTGCATACGTACGCACACATACACATACACACATACACATACGCAC,10.230306199986291,9.737768721151333,9.670198963914679,10.734203777265474,9.726408622707144,10.230306199986309
ATACGCGTGGGCGTGCAT,5,GT,ACATAGTCGTGGGCGTGCATACGTACGCACACATACACATACACACATACACATACGCAC,10.106060982105628,9.496443069969338,9.512221163827776,10.609196620134938,9.60292534407635,10.106060982105644
ATACGCGTGGGCGTGCAT,5,T,ACATATGCGTGGGCGTGCATACGTACGCACACATACACATACACACATACACATACGCAC,10.50608072475522,10.23162283931373,9.993488207180059,11.01182285081498,10.000338598695496,10.506080724755238
ATACGCGTGGGCGTGCAT,5,TA,ACATATACGTGGGCGTGCATACGTACGCACACATACACATACACACATACACATACGCAC,10.367976001093753,10.158891291551956,9.945876319027915,10.872768057679105,9.863183944508437,10.367976001093771
ATACGCGTGGGCGTGCAT,5,TC,ACATATCCGTGGGCGTGCATACGTACGCACACATACACATACACACATACACATACGCAC,10.279232011972988,9.594756259222548,9.576579433583511,10.783441440771682,9.77502258317433,10.279232011973006
ATACGCGTGGGCGTGCAT,5,TT,ACATATTCGTGGGCGTGCATACGTACGCACACATACACATACACACATACACATACGCAC,10.221177355572257,9.142283348894367,9.280379362756157,10.725017483693165,9.717337227451381,10.221177355572273
ATACGCGTGGGCGTGCAT,6,A,ACATACACGTGGGCGTGCATACGTACGCACACATACACATACACACATACACATACGCAC,10.246988600514072,9.774598323315344,9.69430854157229,10.750991762280034,9.742985438748146,10.24698860051409
ATACGCGTGGGCGTGCAT,6,AA,ACATACAAGTGGGCGTGCATACGTACGCACACATACACATACACACATACACATACGCAC,10.213028959340802,9.580711292481242,9.567385247481795,10.716818004558924,9.709239914122712,10.213028959340818
ATACGCGTGGGCGTGCAT,6,AG,ACATACAGGTGGGCGTGCATACGTACGCACACATACACATACACACATACACATACGCAC,10.317234934396764,9.867734065862841,9.755277525370941,10.821691185982102,9.81277868281146,10.317234934396781
ATACGCGTGGGCGTGCAT,6,AT,ACATACATGTGGGCGTGCATACGTACGCACACATACACATACACACATACACATACGCAC,10.306249009069978,10.03575211795585,9.86526633971593,10.810633496567915,9.801864521572076,10.306249009069996
ATACGCGTGGGCGTGCAT,6,C,ACATACCCGTGGGCGTGCATACGTACGCACACATACACATACACACATACACATACGCAC,10.286519576728592,9.69324219180855,9.641050785440385,10.790776026057971,9.782263127399249,10.28651957672861
ATACGCGTGGGCGTGCAT,6,CA,ACATACCAGTGGGCGTGCATACGTACGCACACATACACATACACACATACACATACGCAC,10.101477384966797,9.434314307941284,9.471550124096849,10.604585738912421,9.598369031021205,10.101477384966813
ATACGCGTGGGCGTGCAT,6,CG,ACATACCGGTGGGCGTGCATACGTACGCACACATACACATACACACATACACATACGCAC,10.152922437804406,9.584234658835374,9.569691731118324,10.656340392339908,9.649504483268936,10.152922437804422
ATACGCGTGGGCGTGCAT,6,CT,ACATACCTGTGGGCGTGCATACGTACGCACACATACACATACACACATACACATACGCAC,10.133308758603578,9.531615587101292,9.53524597222593,10.636607803567726,9.630009713639462,10.133308758603594
ATACGCGTGGGCGTGCAT,6,T,ACATACTCGTGGGCGTGCATACGTACGCACACATACACATACACACATACACATACGCAC,10.19054442959399,9.237057229013596,9.342420712333391,10.694193477753108,9.686895381434903,10.190544429594006
ATACGCGTGGGCGTGCAT,6,TA,ACATACTAGTGGGCGTGCATACGTACGCACACATACACATACACACATACACATACGCAC,10.135035686194149,9.485560800085711,9.505097358099926,10.63834515763512,9.63172621475321,10.135035686194165
ATACGCGTGGGCGTGCAT,6,TG,ACATACTGGTGGGCGTGCATACGTACGCACACATACACATACACACATACACATACGCAC,10.251447127741963,9.489480545642106,9.507663321464644,10.755478639170489,9.747415616313473,10.251447127741981
ATACGCGTGGGCGTGCAT,6,TT,ACATACTTGTGGGCGTGCATACGTACGCACACATACACATACACACATACACATACGCAC,10.06298818154438,9.486470622730028,9.505692950732183,10.565869747556413,9.56010661553238,10.062988181544396
ATACGCGTGGGCGTGCAT,7,A,ACATACGAGTGGGCGTGCATACGTACGCACACATACACATACACACATACACATACGCAC,10.146668997586845,9.443170619567633,9.47734768693678,10.650048923380211,9.643289071793511,10.146668997586861
ATACGCGTGGGCGTGCAT,7,AA,ACATACGAATGGGCGTGCATACGTACGCACACATACACATACACACATACACATACGCAC,7.986674934304511,7.909624778958659,8.47345026846832,8.483586053459856,7.4897638151491925,7.986674934304524
ATACGCGTGGGCGTGCAT,7,AC,ACATACGACTGGGCGTGCATACGTACGCACACATACACATACACACATACACATACGCAC,7.695530588620865,7.587074719837246,8.262300941787448,8.192600587846808,7.198460589394944,7.695530588620876
ATACGCGTGGGCGTGCAT,7,AT,ACATACGATTGGGCGTGCATACGTACGCACACATACACATACACACATACACATACGCAC,7.676241816087898,7.7780410474160675,8.387312270561717,8.173331033524574,7.179152598651245,7.676241816087909
ATACGCGTGGGCGTGCAT,7,G,ACATACGGGTGGGCGTGCATACGTACGCACACATACACATACACACATACACATACGCAC,10.281889741094604,9.714395057691387,9.654897979890443,10.786116300880963,9.77766318130828,10.281889741094622
ATACGCGTGGGCGTGCAT,7,GA,ACATACGGATGGGCGTGCATACGTACGCACACATACACATACACACATACACATACGCAC,7.9391588179567965,7.853384051951853,8.43663368355782,8.436079057383976,7.4422385785296425,7.939158817956809
ATACGCGTGGGCGTGCAT,7,GC,ACATACGGCTGGGCGTGCATACGTACGCACACATACACATACACACATACACATACGCAC,7.557472901614746,7.545718426946259,8.235228079293686,8.054704237848892,7.060241565380625,7.557472901614759
ATACGCGTGGGCGTGCAT,7,GT,ACATACGGTTGGGCGTGCATACGTACGCACACATACACATACACACATACACATACGCAC,7.706612913964197,7.64376260308492,8.299410246344124,8.203672359787749,7.209553468140668,7.706612913964209
ATACGCGTGGGCGTGCAT,7,T,ACATACGTGTGGGCGTGCATACGTACGCACACATACACATACACACATACACATACGCAC,10.43442457945154,10.091730689207285,9.90191131091976,10.939667179853584,9.92918197904953,10.434424579451557
ATACGCGTGGGCGTGCAT,7,TA,ACATACGTATGGGCGTGCATACGTACGCACACATACACATACACACATACACATACGCAC,8.593876416187195,8.231096009955177,8.683893367307235,9.091248182559447,8.096504649814971,8.593876416187209
ATACGCGTGGGCGTGCAT,7,TC,ACATACGTCTGGGCGTGCATACGTACGCACACATACACATACACACATACACATACGCAC,7.680637427560936,7.525946793148667,8.222285073872717,8.177722170481756,7.183552684640139,7.6806374275609475
ATACGCGTGGGCGTGCAT,7,TT,ACATACGTTTGGGCGTGCATACGTACGCACACATACACATACACACATACACATACGCAC,7.87359778968554,7.694385011050268,8.332548939252638,8.370541379623191,7.3766541997479145,7.873597789685553
ATACGCGTGGGCGTGCAT,8,A,ACATACGCATGGGCGTGCATACGTACGCACACATACACATACACACATACACATACGCAC,9.102977853647683,8.264350334315262,8.705662478796427,9.601558865871933,8.604396841423462,9.102977853647698
ATACGCGTGGGCGTGCAT,8,AA,ACATACGCAAGGGCGTGCATACGTACGCACACATACACATACACACATACACATACGCAC,8.448807278549772,8.132007414526113,8.619027497297505,8.945971714831474,7.9516428422680985,8.448807278549786
ATACGCGTGGGCGTGCAT,8,AC,ACATACGCACGGGCGTGCATACGTACGCACACATACACATACACACATACACATACGCAC,8.882946799288174,8.166925327378275,8.641885635373555,9.38091336492549,8.384980233650886,8.882946799288188
ATACGCGTGGGCGTGCAT,8,AG,ACATACGCAGGGGCGTGCATACGTACGCACACATACACATACACACATACACATACGCAC,9.77121251322631,9.220773882908219,9.331761227180522,10.272510282463053,9.269914743989599,9.771212513226326
ATACGCGTGGGCGTGCAT,8,C,ACATACGCCTGGGCGTGCATACGTACGCACACATACACATACACACATACACATACGCAC,8.907950670652127,8.112568604280067,8.606302366488013,9.405980032155355,8.409921309148928,8.907950670652141
ATACGCGTGGGCGTGCAT,8,CA,ACATACGCCAGGGCGTGCATACGTACGCACACATACACATACACACATACACATACGCAC,8.166784289056151,7.903548302545108,8.469472455204826,8.663720383080015,7.669848195032312,8.166784289056164
ATACGCGTGGGCGTGCAT,8,CC,ACATACGCCCGGGCGTGCATACGTACGCACACATACACATACACACATACACATACGCAC,9.132811169466946,8.309108552222366,8.734962326392992,9.631486222946839,8.634136115987081,9.13281116946696
ATACGCGTGGGCGTGCAT,8,CG,ACATACGCCGGGGCGTGCATACGTACGCACACATACACATACACACATACACATACGCAC,9.439545514668987,8.538555598713705,8.88516409509682,9.939335539773952,8.939755489564055,9.439545514669003
ATACGCGTGGGCGTGCAT,8,T,ACATACGCTTGGGCGTGCATACGTACGCACACATACACATACACACATACACATACGCAC,7.759400817362761,7.588847668591541,8.263461558334004,8.256414887599254,7.262386747126291,7.759400817362772
ATACGCGTGGGCGTGCAT,8,TA,ACATACGCTAGGGCGTGCATACGTACGCACACATACACATACACACATACACATACGCAC,7.886269354036424,7.879160575356107,8.453507639730104,8.383207457542412,7.38933125053046,7.886269354036436
ATACGCGTGGGCGTGCAT,8,TC,ACATACGCTCGGGCGTGCATACGTACGCACACATACACATACACACATACACATACGCAC,7.5840105918718645,7.4558402764507745,8.176391596633795,8.081206623717467,7.086814560026287,7.584010591871877
ATACGCGTGGGCGTGCAT,8,TG,ACATACGCTGGGGCGTGCATACGTACGCACACATACACATACACACATACACATACGCAC,8.63808250869169,7.90578981751025,8.470939806898775,9.135529576142021,8.140635441241388,8.638082508691705
ATACGCGTGGGCGTGCAT,9,A,ACATACGCGAGGGCGTGCATACGTACGCACACATACACATACACACATACACATACGCAC,10.004576457843031,9.265043420819717,9.360741172643708,10.507121780859585,9.50203113482651,10.004576457843047
ATACGCGTGGGCGTGCAT,9,AA,ACATACGCGAAGGCGTGCATACGTACGCACACATACACATACACACATACACATACGCAC,9.286467732363734,8.573570875965355,8.908085970341144,9.785667629362983,8.787267835364514,9.286467732363748
ATACGCGTGGGCGTGCAT,9,AC,ACATACGCGACGGCGTGCATACGTACGCACACATACACATACACACATACACATACGCAC,7.473637108496206,7.295178738106383,8.071218539969863,7.9709933870067475,6.976280829985689,7.473637108496218
ATACGCGTGGGCGTGCAT,9,AT,ACATACGCGATGGCGTGCATACGTACGCACACATACACATACACACATACACATACGCAC,7.808526199198255,7.612680152664318,8.279062897793704,8.305505309076517,7.311547089320017,7.808526199198267
ATACGCGTGGGCGTGCAT,9,C,ACATACGCGCGGGCGTGCATACGTACGCACACATACACATACACACATACACATACGCAC,9.857574495521721,9.741236910342499,9.672469327201888,10.35931605247175,9.355832938571725,9.857574495521737
ATACGCGTGGGCGTGCAT,9,CA,ACATACGCGCAGGCGTGCATACGTACGCACACATACACATACACACATACACATACGCAC,9.31739944426959,9.183315748656351,9.307240196716142,9.816713180792902,8.818085707746306,9.317399444269604
ATACGCGTGGGCGTGCAT,9,CC,ACATACGCGCCGGCGTGCATACGTACGCACACATACACATACACACATACACATACGCAC,7.472216451914037,7.440296524959796,8.166216268592143,7.969575023149753,6.974857880678345,7.472216451914049
ATACGCGTGGGCGTGCAT,9,CT,ACATACGCGCTGGCGTGCATACGTACGCACACATACACATACACACATACACATACGCAC,7.952439225624691,7.775255375935828,8.38548870041881,8.449356255658122,7.4555221955912865,7.952439225624705
ATACGCGTGGGCGTGCAT,9,G,ACATACGCGGGGGCGTGCATACGTACGCACACATACACATACACACATACACATACGCAC,10.522907457698913,9.70027632087284,9.645655502053232,11.028768938141337,10.017045977256526,10.522907457698931
ATACGCGTGGGCGTGCAT,9,GA,ACATACGCGGAGGCGTGCATACGTACGCACACATACACATACACACATACACATACGCAC,9.942515939503606,8.970783286925434,9.168111137758446,10.444714513829336,9.440317365177908,9.942515939503622
ATACGCGTGGGCGTGCAT,9,GC,ACATACGCGGCGGCGTGCATACGTACGCACACATACACATACACACATACACATACGCAC,7.688226287713757,7.519985650811042,8.218382761176613,8.185303437506656,7.191149137920883,7.6882262877137695
ATACGCGTGGGCGTGCAT,9,GT,ACATACGCGGTGGCGTGCATACGTACGCACACATACACATACACACATACACATACGCAC,9.285818833152089,8.60689181762657,8.929898691179895,9.785016371325009,8.786621294979197,9.285818833152103
ATACGCGTGGGCGTGCAT,10,A,ACATACGCGTAGGCGTGCATACGTACGCACACATACACATACACACATACACATACGCAC,10.2819753568,10.360862790916778,10.078091908185677,10.786202468768055,9.777748244831981,10.281975356800018
ATACGCGTGGGCGTGCAT,10,AA,ACATACGCGTAAGCGTGCATACGTACGCACACATACACATACACACATACACATACGCAC,7.460490305825338,7.359655501333411,8.113426639943654,7.957868024585396,6.963112587065302,7.460490305825349
ATACGCGTGGGCGTGCAT,10,AC,ACATACGCGTACGCGTGCATACGTACGCACACATACACATACACACATACACATACGCAC,7.9671068536969445,7.806134299772513,8.405702815382874,8.464020934466507,7.470192772927409,7.967106853696958
ATACGCGTGGGCGTGCAT,10,AT,ACATACGCGTATGCGTGCATACGTACGCACACATACACATACACACATACACATACGCAC,7.8636512654486515,7.867393465007323,8.445804595328584,8.360599488641329,7.366703042256001,7.863651265448665
ATACGCGTGGGCGTGCAT,10,C,ACATACGCGTCGGCGTGCATACGTACGCACACATACACATACACACATACACATACGCAC,9.503867826843482,9.154200543550239,9.28818065609452,10.003925795182306,9.00380985850469,9.503867826843498
ATACGCGTGGGCGTGCAT,10,CA,ACATACGCGTCAGCGTGCATACGTACGCACACATACACATACACACATACACATACGCAC,7.23561914106675,7.130301953730204,7.963286077947796,7.733441047286022,6.737797234847501,7.235619141066762
ATACGCGTGGGCGTGCAT,10,CC,ACATACGCGTCCGCGTGCATACGTACGCACACATACACATACACACATACACATACGCAC,7.489970898834801,7.593957992006609,8.266806903708153,7.987301237162232,6.992640560507393,7.489970898834812
ATACGCGTGGGCGTGCAT,10,CT,ACATACGCGTCTGCGTGCATACGTACGCACACATACACATACACACATACACATACGCAC,7.540887027132095,7.61809783799975,8.282609449959471,8.038141465219569,7.0436325890446465,7.540887027132108
ATACGCGTGGGCGTGCAT,10,T,ACATACGCGTTGGCGTGCATACGTACGCACACATACACATACACACATACACATACGCAC,9.947647968321782,9.624439543093143,9.596010852756168,10.449874805893693,9.445421130749903,9.947647968321798
ATACGCGTGGGCGTGCAT,10,TA,ACATACGCGTTAGCGTGCATACGTACGCACACATACACATACACACATACACATACGCAC,7.388946097618437,7.39738690159171,8.138126557162604,7.8864492670111,6.891442928225798,7.388946097618449
ATACGCGTGGGCGTGCAT,10,TC,ACATACGCGTTCGCGTGCATACGTACGCACACATACACATACACACATACACATACGCAC,7.636993279686436,7.479709389806019,8.192016914536875,8.134124935289721,7.139861624083175,7.636993279686449
ATACGCGTGGGCGTGCAT,10,TT,ACATACGCGTTTGCGTGCATACGTACGCACACATACACATACACACATACACATACGCAC,7.821843587301092,7.514621329180097,8.214871142224942,8.318814427023597,7.324872747578612,7.821843587301105
ATACGCGTGGGCGTGCAT,11,A,ACATACGCGTGAGCGTGCATACGTACGCACACATACACATACACACATACACATACGCAC,8.851520271691061,7.542880542578432,8.233370329290176,9.349410470780771,8.35363007260138,8.851520271691076
ATACGCGTGGGCGTGCAT,11,AA,ACATACGCGTGAACGTGCATACGTACGCACACATACACATACACACATACACATACGCAC,7.352120536047858,6.976043626085212,7.8623047229733825,7.849694054289359,6.854547017806381,7.35212053604787
ATACGCGTGGGCGTGCAT,11,AC,ACATACGCGTGACCGTGCATACGTACGCACACATACACATACACACATACACATACGCAC,7.738052297689316,7.385737806705802,8.130500768631357,8.23508374463673,7.241020850741924,7.738052297689327
ATACGCGTGGGCGTGCAT,11,AT,ACATACGCGTGATCGTGCATACGTACGCACACATACACATACACACATACACATACGCAC,7.245298370604843,7.3987253294004525,8.139002725442953,7.743098145776024,6.747498595433683,7.2452983706048535
ATACGCGTGGGCGTGCAT,11,C,ACATACGCGTGCGCGTGCATACGTACGCACACATACACATACACACATACACATACGCAC,8.241307928843968,8.385201379611445,8.784774592161016,8.738281915237826,7.744333942450136,8.24130792884398
ATACGCGTGGGCGTGCAT,11,CA,ACATACGCGTGCACGTGCATACGTACGCACACATACACATACACACATACACATACGCAC,7.726433181989291,7.528406684460669,8.22389538017882,8.223474642322008,7.229391721656599,7.726433181989304
ATACGCGTGGGCGTGCAT,11,CC,ACATACGCGTGCCCGTGCATACGTACGCACACATACACATACACACATACACATACGCAC,7.746300662231439,7.987860317146953,8.524665206254939,8.243325238555709,7.249276085907194,7.746300662231452
ATACGCGTGGGCGTGCAT,11,CT,ACATACGCGTGCTCGTGCATACGTACGCACACATACACATACACACATACACATACGCAC,7.401231264413015,7.343558490692488,8.102889134640868,7.89871183821166,6.9037506906143955,7.401231264413028
ATACGCGTGGGCGTGCAT,11,T,ACATACGCGTGTGCGTGCATACGTACGCACACATACACATACACACATACACATACGCAC,8.650937061465832,8.379228038597299,8.780864293906514,9.14840708749277,8.153467035438924,8.650937061465847
ATACGCGTGGGCGTGCAT,11,TA,ACATACGCGTGTACGTGCATACGTACGCACACATACACATACACACATACACATACGCAC,7.532088143541722,7.343789646352255,8.103040454910508,8.029355161014069,7.034821126069401,7.532088143541735
ATACGCGTGGGCGTGCAT,11,TC,ACATACGCGTGTCCGTGCATACGTACGCACACATACACATACACACATACACATACGCAC,7.663407664893479,7.721699939099536,8.350429973538136,8.160510267685224,7.166305062101758,7.663407664893491
ATACGCGTGGGCGTGCAT,11,TT,ACATACGCGTGTTCGTGCATACGTACGCACACATACACATACACACATACACATACGCAC,7.5411524551363085,7.425688738528695,8.156653646661065,8.038406517239885,7.043898393032756,7.54115245513632
ATACGCGTGGGCGTGCAT,12,A,ACATACGCGTGGACGTGCATACGTACGCACACATACACATACACACATACACATACGCAC,9.27556615689389,8.764398280611763,9.033006356693267,9.774726585489061,8.776405728298746,9.275566156893904
ATACGCGTGGGCGTGCAT,12,AA,ACATACGCGTGGAAGTGCATACGTACGCACACATACACATACACACATACACATACGCAC,9.09549053029724,8.552972412772165,8.894601701741877,9.594048342541804,8.596932718052706,9.095490530297255
ATACGCGTGGGCGTGCAT,12,AG,ACATACGCGTGGAGGTGCATACGTACGCACACATACACATACACACATACACATACGCAC,9.321389675751478,8.736976155893686,9.015055148790369,9.820718297244893,8.822061054258091,9.321389675751492
ATACGCGTGGGCGTGCAT,12,AT,ACATACGCGTGGATGTGCATACGTACGCACACATACACATACACACATACACATACGCAC,9.23819870010458,8.611636366770808,8.933004591578547,9.737226427341396,8.739170972867791,9.238198700104594
ATACGCGTGGGCGTGCAT,12,C,ACATACGCGTGGCCGTGCATACGTACGCACACATACACATACACACATACACATACGCAC,8.628287238921825,8.57170972376926,8.906867613618077,9.125717132948393,8.130857344895285,8.628287238921839
ATACGCGTGGGCGTGCAT,12,CA,ACATACGCGTGGCAGTGCATACGTACGCACACATACACATACACACATACACATACGCAC,8.874797703172902,8.580478637589735,8.9126079636709,9.372744192669982,8.37685121367585,8.874797703172916
ATACGCGTGGGCGTGCAT,12,CG,ACATACGCGTGGCGGTGCATACGTACGCACACATACACATACACACATACACATACGCAC,8.785310108373178,8.692604898213101,8.986008615025163,9.283048752033606,8.287571464712778,8.785310108373192
ATACGCGTGGGCGTGCAT,12,CT,ACATACGCGTGGCTGTGCATACGTACGCACACATACACATACACACATACACATACGCAC,8.824310176506625,8.619578195181614,8.938203510859864,9.322136558642782,8.326483794370496,8.82431017650664
ATACGCGTGGGCGTGCAT,12,T,ACATACGCGTGGTCGTGCATACGTACGCACACATACACATACACACATACACATACGCAC,9.747213787223666,9.29117010899004,9.377844355419713,10.24839197865866,9.246035595788705,9.747213787223682
ATACGCGTGGGCGTGCAT,12,TA,ACATACGCGTGGTAGTGCATACGTACGCACACATACACATACACACATACACATACGCAC,9.782928793120405,9.424814582850862,9.465331366729513,10.284285532764459,9.281572053476383,9.782928793120421
ATACGCGTGGGCGTGCAT,12,TG,ACATACGCGTGGTGGTGCATACGTACGCACACATACACATACACACATACACATACGCAC,9.715017130155296,9.568584500373058,9.559446746414963,10.216037457697903,9.213996802612721,9.715017130155312
ATACGCGTGGGCGTGCAT,12,TT,ACATACGCGTGGTTGTGCATACGTACGCACACATACACATACACACATACACATACGCAC,9.672217319010288,9.361552334325687,9.423918318420691,10.173032342893604,9.171402295127004,9.672217319010304
ATACGCGTGGGCGTGCAT,13,A,ACATACGCGTGGGAGTGCATACGTACGCACACATACACATACACACATACACATACGCAC,10.330257427138122,9.550920520029896,9.547883463598888,10.834799180428748,9.825715673847531,10.33025742713814
ATACGCGTGGGCGTGCAT,13,AA,ACATACGCGTGGGAATGCATACGTACGCACACATACACATACACACATACACATACGCAC,10.01122025233901,9.191612264227793,9.312671303073644,10.513803337325847,9.508637167352205,10.011220252339026
ATACGCGTGGGCGTGCAT,13,AC,ACATACGCGTGGGACTGCATACGTACGCACACATACACATACACACATACACATACGCAC,10.183276052556291,9.207047816656312,9.322775801305971,10.68688014669057,9.679671958422045,10.183276052556307
ATACGCGTGGGCGTGCAT,13,AT,ACATACGCGTGGGATTGCATACGTACGCACACATACACATACACACATACACATACGCAC,10.343450701051859,9.62184044733112,9.59430941973946,10.848079557244585,9.838821844859169,10.343450701051877
ATACGCGTGGGCGTGCAT,13,G,ACATACGCGTGGGGGTGCATACGTACGCACACATACACATACACACATACACATACGCAC,10.376128326457144,10.028354177481225,9.860423463065102,10.88097500078385,9.871281652130472,10.376128326457161
ATACGCGTGGGCGTGCAT,13,GA,ACATACGCGTGGGGATGCATACGTACGCACACATACACATACACACATACACATACGCAC,9.97769016306864,9.404496833733283,9.45203086057697,10.48008393597616,9.475296390161153,9.977690163068656
ATACGCGTGGGCGTGCAT,13,GC,ACATACGCGTGGGGCTGCATACGTACGCACACATACACATACACACATACACATACGCAC,10.039110506320842,9.352704952069205,9.41812660096935,10.541853465571286,9.53636754707043,10.039110506320858
ATACGCGTGGGCGTGCAT,13,GT,ACATACGCGTGGGGTTGCATACGTACGCACACATACACATACACACATACACATACGCAC,10.241173338223003,9.679276449552246,9.631908461665745,10.745139606654863,9.737207069791179,10.241173338223021
ATACGCGTGGGCGTGCAT,13,T,ACATACGCGTGGGTGTGCATACGTACGCACACATACACATACACACATACACATACGCAC,10.538515563760686,10.377576429333283,10.089033073435019,11.044488451645053,10.032542675876355,10.538515563760704
ATACGCGTGGGCGTGCAT,13,TA,ACATACGCGTGGGTATGCATACGTACGCACACATACACATACACACATACACATACGCAC,10.103792271946304,9.865517915503668,9.753826777981722,10.606914398019846,9.600670145872794,10.10379227194632
ATACGCGTGGGCGTGCAT,13,TC,ACATACGCGTGGGTCTGCATACGTACGCACACATACACATACACACATACACATACGCAC,10.349102429271342,10.041059701053552,9.868740816206293,10.853768746280133,9.844436112262587,10.34910242927136
ATACGCGTGGGCGTGCAT,13,TT,ACATACGCGTGGGTTTGCATACGTACGCACACATACACATACACACATACACATACGCAC,10.35201215010474,9.910404694858492,9.7832107851137,10.856697787881703,9.847326512327811,10.352012150104757
ATACGCGTGGGCGTGCAT,14,A,ACATACGCGTGGGCATGCATACGTACGCACACATACACATACACACATACACATACGCAC,10.455272761356362,10.059218864710118,9.880628258390045,10.960659235773543,9.949886286939217,10.45527276135638
ATACGCGTGGGCGTGCAT,14,AA,ACATACGCGTGGGCAAGCATACGTACGCACACATACACATACACACATACACATACGCAC,10.187594491808454,9.752788753593872,9.680031452383618,10.691225277190352,9.683963706426589,10.18759449180847
ATACGCGTGGGCGTGCAT,14,AC,ACATACGCGTGGGCACGCATACGTACGCACACATACACATACACACATACACATACGCAC,10.304492729922199,10.199811547052729,9.97266374055291,10.80886577583785,9.800119684006583,10.304492729922217
ATACGCGTGGGCGTGCAT,14,AG,ACATACGCGTGGGCAGGCATACGTACGCACACATACACATACACACATACACATACGCAC,10.377327563450146,9.98225316832088,9.83024459076841,10.882182287780976,9.872472839119352,10.377327563450164
ATACGCGTGGGCGTGCAT,14,C,ACATACGCGTGGGCCTGCATACGTACGCACACATACACATACACACATACACATACGCAC,10.288511829739507,9.932978464014385,9.797988138343458,10.79278115910048,9.78424250037857,10.288511829739525
ATACGCGTGGGCGTGCAT,14,CA,ACATACGCGTGGGCCAGCATACGTACGCACACATACACATACACACATACACATACGCAC,10.087578376586636,9.83812846638449,9.735896960342167,10.59060435554495,9.584552397628354,10.087578376586652
ATACGCGTGGGCGTGCAT,14,CC,ACATACGCGTGGGCCCGCATACGTACGCACACATACACATACACACATACACATACGCAC,10.287865208313807,10.371569099133024,10.085100525010166,10.79213035602036,9.78360006060729,10.287865208313825
ATACGCGTGGGCGTGCAT,14,CG,ACATACGCGTGGGCCGGCATACGTACGCACACATACACATACACACATACACATACGCAC,10.257378625098244,10.137363091861827,9.931783421690975,10.76144793787707,9.753309312319454,10.257378625098262
ATACGCGTGGGCGTGCAT,14,T,ACATACGCGTGGGCTTGCATACGTACGCACACATACACATACACACATACACATACGCAC,10.539905638849984,10.143069567749434,9.935519023366792,11.045888481317917,10.033922796382086,10.539905638850001
ATACGCGTGGGCGTGCAT,14,TA,ACATACGCGTGGGCTAGCATACGTACGCACACATACACATACACACATACACATACGCAC,10.322033400182823,10.130143939260583,9.92705758404856,10.826521102257107,9.817545698108574,10.32203340018284
ATACGCGTGGGCGTGCAT,14,TC,ACATACGCGTGGGCTCGCATACGTACGCACACATACACATACACACATACACATACGCAC,10.474664819686861,10.474786405584572,10.152669152399111,10.980186196693676,9.969143442680082,10.474664819686879
ATACGCGTGGGCGTGCAT,14,TG,ACATACGCGTGGGCTGGCATACGTACGCACACATACACATACACACATACACATACGCAC,10.499876004651563,10.22630837535684,9.990009226307373,11.005574316601967,9.994177692701195,10.49987600465158
ATACGCGTGGGCGTGCAT,15,A,ACATACGCGTGGGCGAGCATACGTACGCACACATACACATACACACATACACATACGCAC,10.478554778363584,10.181166838875113,9.960458448795753,10.98410334117519,9.973006215552013,10.478554778363602
ATACGCGTGGGCGTGCAT,15,AA,ACATACGCGTGGGCGAACATACGTACGCACACATACACATACACACATACACATACGCAC,10.409808043413328,10.17491309547888,9.956364592136895,10.914882310765016,9.904733776061676,10.409808043413346
ATACGCGTGGGCGTGCAT,15,AC,ACATACGCGTGGGCGACCATACGTACGCACACATACACATACACACATACACATACGCAC,10.414228172689414,10.437666586972007,10.128369591804057,10.919332542390285,9.90912380298858,10.414228172689432
ATACGCGTGGGCGTGCAT,15,AT,ACATACGCGTGGGCGATCATACGTACGCACACATACACATACACACATACACATACGCAC,10.391653371157949,10.50662988531703,10.173514689749188,10.896604566943205,9.886702175372728,10.391653371157966
ATACGCGTGGGCGTGCAT,15,C,ACATACGCGTGGGCGCGCATACGTACGCACACATACACATACACACATACACATACGCAC,10.5897611641529,10.517059952571227,10.180342472338838,11.096104543509536,10.0834177847963,10.589761164152918
ATACGCGTGGGCGTGCAT,15,CA,ACATACGCGTGGGCGCACATACGTACGCACACATACACATACACACATACACATACGCAC,10.540156969913841,10.499558633640817,10.168885671747175,11.046141612777312,10.034172327050406,10.540156969913859
ATACGCGTGGGCGTGCAT,15,CC,ACATACGCGTGGGCGCCCATACGTACGCACACATACACATACACACATACACATACGCAC,10.560502246458684,11.01908054422216,10.508977693165527,11.066633207837521,10.054371285079883,10.560502246458702
ATACGCGTGGGCGTGCAT,15,CT,ACATACGCGTGGGCGCTCATACGTACGCACACATACACATACACACATACACATACGCAC,10.506751053172833,10.66625952189487,10.278012237737656,11.012497919049826,10.001004187295875,10.50675105317285
ATACGCGTGGGCGTGCAT,15,G,ACATACGCGTGGGCGGGCATACGTACGCACACATACACATACACACATACACATACGCAC,10.527780244890856,10.44636442774987,10.134063415667633,11.033676434288626,10.021884055493121,10.527780244890874
ATACGCGTGGGCGTGCAT,15,GA,ACATACGCGTGGGCGGACATACGTACGCACACATACACATACACACATACACATACGCAC,10.48382991054901,10.524627166944365,10.18529615991245,10.989415406426355,9.978244414671702,10.483829910549028
ATACGCGTGGGCGTGCAT,15,GC,ACATACGCGTGGGCGGCCATACGTACGCACACATACACATACACACATACACATACGCAC,10.55598199508446,10.622925767810383,10.249644879745482,11.062080349506871,10.049883640662085,10.555981995084478
ATACGCGTGGGCGTGCAT,15,GT,ACATACGCGTGGGCGGTCATACGTACGCACACATACACATACACACATACACATACGCAC,10.557504015893034,10.52710291237961,10.186916844723699,11.063613343181068,10.051394688605036,10.557504015893052
ATACGCGTGGGCGTGCAT,16,A,ACATACGCGTGGGCGTACATACGTACGCACACATACACATACACACATACACATACGCAC,10.401577419750113,10.464721979527598,10.14608072767165,10.906595778215584,9.896559061284679,10.401577419750131
ATACGCGTGGGCGTGCAT,16,AA,ACATACGCGTGGGCGTAAATACGTACGCACACATACACATACACACATACACATACGCAC,10.448482692072215,10.784632614394699,10.355502221297272,10.953822176156935,9.94314320798753,10.448482692072233
ATACGCGTGGGCGTGCAT,16,AG,ACATACGCGTGGGCGTAGATACGTACGCACACATACACATACACACATACACATACGCAC,10.500811921918736,10.659443016235475,10.273549982842344,11.006516835975704,9.995107007861803,10.500811921918753
ATACGCGTGGGCGTGCAT,16,AT,ACATACGCGTGGGCGTATATACGTACGCACACATACACATACACACATACACATACGCAC,10.42370889794248,10.597976928770702,10.233312746435548,10.928878016341345,9.918539779543652,10.423708897942499
ATACGCGTGGGCGTGCAT,16,C,ACATACGCGTGGGCGTCCATACGTACGCACACATACACATACACACATACACATACGCAC,10.464131383282979,10.616129779397935,10.245196055952587,10.9695793547236,9.958683411842394,10.464131383282997
ATACGCGTGGGCGTGCAT,16,CA,ACATACGCGTGGGCGTCAATACGTACGCACACATACACATACACACATACACATACGCAC,10.528717176108342,10.70317766477025,10.302179776356864,11.034620046777464,10.022814305439256,10.52871717610836
ATACGCGTGGGCGTGCAT,16,CG,ACATACGCGTGGGCGTCGATACGTACGCACACATACACATACACACATACACATACGCAC,10.592727108265056,10.395896844880713,10.101026075134943,11.099092151450506,10.08636206507964,10.592727108265073
ATACGCGTGGGCGTGCAT,16,CT,ACATACGCGTGGGCGTCTATACGTACGCACACATACACATACACACATACACATACGCAC,10.530214442540483,10.782662892365508,10.354212792049157,11.036127995256482,10.02430088982452,10.530214442540501
ATACGCGTGGGCGTGCAT,16,T,ACATACGCGTGGGCGTTCATACGTACGCACACATACACATACACACATACACATACGCAC,10.419748378792058,10.513233215196177,10.177837394453169,10.924890418562311,9.914606339021839,10.419748378792075
ATACGCGTGGGCGTGCAT,16,TA,ACATACGCGTGGGCGTTAATACGTACGCACACATACACATACACACATACACATACGCAC,10.579501290355228,10.792872989441767,10.360896576665011,11.085769915907063,10.07323266480343,10.579501290355246
ATACGCGTGGGCGTGCAT,16,TG,ACATACGCGTGGGCGTTGATACGTACGCACACATACACATACACACATACACATACGCAC,10.555226629347356,10.556587699843131,10.206218323189427,11.06131954039655,10.049133718298197,10.555226629347374
ATACGCGTGGGCGTGCAT,16,TT,ACATACGCGTGGGCGTTTATACGTACGCACACATACACATACACACATACACATACGCAC,10.614204477206133,10.579855878197693,10.221450254028436,11.120727115623705,10.107681838788597,10.614204477206151
ATACGCGTGGGCGTGCAT,17,A,ACATACGCGTGGGCGTGAATACGTACGCACACATACACATACACACATACACATACGCAC,10.552565283797842,10.684038663342243,10.289650907889515,11.058639028960565,10.046491538635154,10.55256528379786
ATACGCGTGGGCGTGCAT,17,AC,ACATACGCGTGGGCGTGACTACGTACGCACACATACACATACACACATACACATACGCAC,10.583334171481773,10.743274913585307,10.328428437144948,11.089630689717204,10.077037653246379,10.583334171481791
ATACGCGTGGGCGTGCAT,17,AG,ACATACGCGTGGGCGTGAGTACGTACGCACACATACACATACACACATACACATACGCAC,10.541465515962448,10.677718282831146,10.28551342891053,11.047459535327794,10.035471496597138,10.541465515962466
ATACGCGTGGGCGTGCAT,17,AT,ACATACGCGTGGGCGTGATTACGTACGCACACATACACATACACACATACACATACGCAC,10.567012803862061,10.820372451206907,10.37889841133096,11.073190828032082,10.060834779692076,10.56701280386208
ATACGCGTGGGCGTGCAT,17,G,ACATACGCGTGGGCGTGGATACGTACGCACACATACACATACACACATACACATACGCAC,10.634159297062798,10.817663700957395,10.377125195747341,11.14082949242518,10.127489101700451,10.634159297062816
ATACGCGTGGGCGTGCAT,17,GC,ACATACGCGTGGGCGTGGCTACGTACGCACACATACACATACACACATACACATACGCAC,10.550800196752274,10.661288316594916,10.274757962557125,11.056861241246075,10.044739152258508,10.550800196752292
ATACGCGTGGGCGTGCAT,17,GG,ACATACGCGTGGGCGTGGGTACGTACGCACACATACACATACACACATACACATACGCAC,10.737178978088382,10.873837686710434,10.413898090165787,11.244628293996243,10.229729662180556,10.7371789780884
ATACGCGTGGGCGTGCAT,17,GT,ACATACGCGTGGGCGTGGTTACGTACGCACACATACACATACACACATACACATACGCAC,10.60651080376628,10.73944989988172,10.32592448761768,11.11297684256665,10.100044764965945,10.606510803766298
ATACGCGTGGGCGTGCAT,17,T,ACATACGCGTGGGCGTGTATACGTACGCACACATACACATACACACATACACATACGCAC,10.477259806052668,10.341497732516189,10.065415057176695,10.982799314039273,9.9717202980661,10.477259806052686
ATACGCGTGGGCGTGCAT,17,TC,ACATACGCGTGGGCGTGTCTACGTACGCACACATACACATACACACATACACATACGCAC,10.584966928228392,10.635650956065701,10.257975105879424,11.091275340633029,10.07865851582379,10.58496692822841
ATACGCGTGGGCGTGCAT,17,TG,ACATACGCGTGGGCGTGTGTACGTACGCACACATACACATACACACATACACATACGCAC,10.551885767273818,10.276267917105372,10.022713990430566,11.05795462196685,10.045816912580822,10.551885767273836
ATACGCGTGGGCGTGCAT,17,TT,ACATACGCGTGGGCGTGTTTACGTACGCACACATACACATACACACATACACATACGCAC,10.512872616990743,10.595668515524988,10.231801601455878,11.018662825033296,10.007082408948225,10.51287261699076
ATACGCGTGGGCGTGCAT,18,C,ACATACGCGTGGGCGTGCCTACGTACGCACACATACACATACACACATACACATACGCAC,11.038608546854046,11.352120414163883,10.726993912066947,11.548503274910603,10.528713818797526,11.038608546854064
ATACGCGTGGGCGTGCAT,18,CA,ACATACGCGTGGGCGTGCCAACGTACGCACACATACACATACACACATACACATACGCAC,10.786945127315043,10.768631366653924,10.345027404781282,11.294781194260876,10.279109060369246,10.786945127315061
ATACGCGTGGGCGTGCAT,18,CC,ACATACGCGTGGGCGTGCCCACGTACGCACACATACACATACACACATACACATACGCAC,11.090339630053647,11.580690573644864,10.87662164862731,11.600678697053546,10.580000563053783,11.090339630053665
ATACGCGTGGGCGTGCAT,18,CG,ACATACGCGTGGGCGTGCCGACGTACGCACACATACACATACACACATACACATACGCAC,10.647161483764041,10.726201056046305,10.317251463458987,11.153928411631535,10.140394555896583,10.647161483764059
ATACGCGTGGGCGTGCAT,18,G,ACATACGCGTGGGCGTGCGTACGTACGCACACATACACATACACACATACACATACGCAC,10.497822177126478,10.469030621729637,10.148901272496065,11.003506009518487,9.992138344734505,10.497822177126496
ATACGCGTGGGCGTGCAT,18,GA,ACATACGCGTGGGCGTGCGAACGTACGCACACATACACATACACACATACACATACGCAC,10.534147440084249,10.501402650515661,10.170092811260874,11.040089081636562,10.028205798531971,10.534147440084267
ATACGCGTGGGCGTGCAT,18,GC,ACATACGCGTGGGCGTGCGCACGTACGCACACATACACATACACACATACACATACGCAC,10.559931847552903,10.523128255736601,10.184314935189889,11.066058691246774,10.053805003859068,10.559931847552921
ATACGCGTGGGCGTGCAT,18,GG,ACATACGCGTGGGCGTGCGGACGTACGCACACATACACATACACACATACACATACGCAC,10.65257782539855,10.4961868200995,10.166678398368022,11.159385185899282,10.145770464897854,10.652577825398568
ATACGCGTGGGCGTGCAT,18,T,ACATACGCGTGGGCGTGCTTACGTACGCACACATACACATACACACATACACATACGCAC,10.489898271258316,10.503010688590713,10.171145473156981,10.995526348794723,9.984270193721944,10.489898271258333
ATACGCGTGGGCGTGCAT,18,TA,ACATACGCGTGGGCGTGCTAACGTACGCACACATACACATACACACATACACATACGCAC,10.565788852924973,10.47290995773462,10.151440782758913,11.071958020642821,10.05961968520716,10.56578885292499
ATACGCGTGGGCGTGCAT,18,TC,ACATACGCGTGGGCGTGCTCACGTACGCACACATACACATACACACATACACATACGCAC,10.657224060172009,10.299479960296981,10.037909173789533,11.164066168514102,10.150381951829951,10.657224060172027
ATACGCGTGGGCGTGCAT,18,TG,ACATACGCGTGGGCGTGCTGACGTACGCACACATACACATACACACATACACATACGCAC,10.645877175924472,10.188759743845774,9.96542895407631,11.152634528301794,10.139119823547185,10.64587717592449
ATACGCGTGGGCGTGCAT,19,A,ACATACGCGTGGGCGTGCAAACGTACGCACACATACACATACACACATACACATACGCAC,10.54883532796278,10.35864826088808,10.076642221505265,11.054882244337419,10.042788411588175,10.548835327962797
ATACGCGTGGGCGTGCAT,19,C,ACATACGCGTGGGCGTGCACACGTACGCACACATACACATACACACATACACATACGCAC,10.618799763797053,10.648589834247291,10.266445218777529,11.1253562855449,10.112243242049242,10.618799763797071
ATACGCGTGGGCGTGCAT,19,G,ACATACGCGTGGGCGTGCAGACGTACGCACACATACACATACACACATACACATACGCAC,10.458822763288046,10.283774693828054,10.02762811400833,10.964233855993823,9.953411670582303,10.458822763288063
TGCACGCCCACGCGTATG,-1,W,ACGTATGCACGCCCACGCGTATGTACGCACACATACACATACACACATACACATACGCAC,10.461129966077028,10.568000070944995,10.21368914641778,10.966557077254832,9.95570285489926,10.461129966077046
TGCACGCCCACGCGTATG,5,A,ACGTAAGCACGCCCACGCGTATGTACGCACACATACACATACACACATACACATACGCAC,10.332799387118573,10.836148964289679,10.389226110925476,10.83735788504444,9.828240889192742,10.332799387118591
TGCACGCCCACGCGTATG,5,AA,ACGTAAACACGCCCACGCGTATGTACGCACACATACACATACACACATACACATACGCAC,10.446320434937098,10.927930549420344,10.449308629449362,10.951644981959918,9.940995887914314,10.446320434937116
TGCACGCCCACGCGTATG,5,AC,ACGTAACCACGCCCACGCGTATGTACGCACACATACACATACACACATACACATACGCAC,10.598944563382965,11.113016341954735,10.570470413075393,11.105355098428667,10.092534028337298,10.598944563382982
TGCACGCCCACGCGTATG,5,AT,ACGTAATCACGCCCACGCGTATGTACGCACACATACACATACACACATACACATACGCAC,10.485018580567376,10.932878721536001,10.452547826532035,10.990612409339253,9.979424751795534,10.485018580567393
TGCACGCCCACGCGTATG,5,C,ACGTACGCACGCCCACGCGTATGTACGCACACATACACATACACACATACACATACGCAC,10.438547147147077,10.738849027757416,10.325531141714059,10.943818102287205,9.933276192006984,10.438547147147094
TGCACGCCCACGCGTATG,5,CA,ACGTACACACGCCCACGCGTATGTACGCACACATACACATACACACATACACATACGCAC,10.554574993718928,10.72101612792102,10.313857279977748,11.060663210163073,10.04848677727482,10.554574993718946
TGCACGCCCACGCGTATG,5,CC,ACGTACCCACGCCCACGCGTATGTACGCACACATACACATACACACATACACATACGCAC,10.70634079318413,11.207951035555466,10.632617035175077,11.213553843220227,10.19912774314807,10.706340793184149
TGCACGCCCACGCGTATG,5,CT,ACGTACTCACGCCCACGCGTATGTACGCACACATACACATACACACATACACATACGCAC,10.544393621250382,10.881634632690156,10.41900216578825,11.050408639276275,10.038378603224524,10.5443936212504
TGCACGCCCACGCGTATG,5,G,ACGTAGGCACGCCCACGCGTATGTACGCACACATACACATACACACATACACATACGCAC,10.471156540519146,11.009147296589356,10.502475141111642,10.976653434973544,9.965659646064784,10.471156540519164
TGCACGCCCACGCGTATG,5,GA,ACGTAGACACGCCCACGCGTATGTACGCACACATACACATACACACATACACATACGCAC,10.383178482996264,10.649439691700476,10.267001556697613,10.88807253936313,9.878284426629435,10.383178482996282
TGCACGCCCACGCGTATG,5,GC,ACGTAGCCACGCCCACGCGTATGTACGCACACATACACATACACACATACACATACGCAC,10.549857541537145,10.789485275521038,10.35867889450027,11.055911806673045,10.043803276401281,10.549857541537163
TGCACGCCCACGCGTATG,5,GT,ACGTAGTCACGCCCACGCGTATGTACGCACACATACACATACACACATACACATACGCAC,10.423738616949274,10.673620794893594,10.282831110942729,10.92890793870512,9.918569295193464,10.423738616949292
TGCACGCCCACGCGTATG,6,A,ACGTATACACGCCCACGCGTATGTACGCACACATACACATACACACATACACATACGCAC,10.398854301239574,10.709291674217123,10.306182159681624,10.903854203403828,9.893854399075355,10.398854301239592
TGCACGCCCACGCGTATG,6,AA,ACGTATAAACGCCCACGCGTATGTACGCACACATACACATACACACATACACATACGCAC,10.417552922651947,10.842854082055581,10.393615448523002,10.922679970463834,9.912425874840094,10.417552922651964
TGCACGCCCACGCGTATG,6,AG,ACGTATAGACGCCCACGCGTATGTACGCACACATACACATACACACATACACATACGCAC,10.388071865096892,10.773926658734572,10.348493835264826,10.892998889378513,9.883144840815307,10.38807186509691
TGCACGCCCACGCGTATG,6,AT,ACGTATATACGCCCACGCGTATGTACGCACACATACACATACACACATACACATACGCAC,10.36599440101149,10.925627724096737,10.447801142463101,10.870773209385717,9.861215592637297,10.365994401011507
TGCACGCCCACGCGTATG,6,C,ACGTATCCACGCCCACGCGTATGTACGCACACATACACATACACACATACACATACGCAC,10.482331573142842,10.954927526167193,10.466981524869203,10.987906570826178,9.976756575459541,10.48233157314286
TGCACGCCCACGCGTATG,6,CA,ACGTATCAACGCCCACGCGTATGTACGCACACATACACATACACACATACACATACGCAC,10.416879879499433,11.03302405388849,10.518105462931352,10.922002334017849,9.911757424981053,10.41687987949945
TGCACGCCCACGCGTATG,6,CG,ACGTATCGACGCCCACGCGTATGTACGCACACATACACATACACACATACACATACGCAC,10.507981099249637,10.722231738727777,10.31465304918037,11.01373666586502,10.00222553263429,10.507981099249655
TGCACGCCCACGCGTATG,6,CT,ACGTATCTACGCCCACGCGTATGTACGCACACATACACATACACACATACACATACGCAC,10.42222182037016,10.736192345044927,10.323792010840933,10.927380766324776,9.91706287441558,10.422221820370178
TGCACGCCCACGCGTATG,6,T,ACGTATTCACGCCCACGCGTATGTACGCACACATACACATACACACATACACATACGCAC,10.45819129611053,11.072920069987571,10.544222391756342,10.963598007220726,9.952784585000368,10.458191296110547
TGCACGCCCACGCGTATG,6,TA,ACGTATTAACGCCCACGCGTATGTACGCACACATACACATACACACATACACATACGCAC,10.413372734225062,11.144425396164788,10.591031564625638,10.918471273927217,9.908274194522942,10.41337273422508
TGCACGCCCACGCGTATG,6,TG,ACGTATTGACGCCCACGCGTATGTACGCACACATACACATACACACATACACATACGCAC,10.499531697085102,10.906181608497075,10.435071229386628,11.005227580843574,9.993835813326665,10.49953169708512
TGCACGCCCACGCGTATG,6,TT,ACGTATTTACGCCCACGCGTATGTACGCACACATACACATACACACATACACATACGCAC,10.332799387118573,11.029301647332222,10.515668682606062,10.83735788504444,9.828240889192742,10.332799387118591
TGCACGCCCACGCGTATG,7,A,ACGTATGAACGCCCACGCGTATGTACGCACACATACACATACACACATACACATACGCAC,10.41834503741549,10.809962721311406,10.372083942084382,10.923477492749319,9.913212582081696,10.418345037415508
TGCACGCCCACGCGTATG,7,AC,ACGTATGACCGCCCACGCGTATGTACGCACACATACACATACACACATACACATACGCAC,10.561266589258283,10.858655977770491,10.403959764222627,11.06740306979689,10.05513010871971,10.5612665892583
TGCACGCCCACGCGTATG,7,AG,ACGTATGAGCGCCCACGCGTATGTACGCACACATACACATACACACATACACATACGCAC,10.457674344390924,10.42855080702644,10.122402174520301,10.963077469319673,9.95227121946221,10.457674344390941
TGCACGCCCACGCGTATG,7,AT,ACGTATGATCGCCCACGCGTATGTACGCACACATACACATACACACATACACATACGCAC,10.559828103696391,10.779983888136124,10.352459048953433,11.06595419856399,10.053702008828829,10.55982810369641
TGCACGCCCACGCGTATG,7,G,ACGTATGGACGCCCACGCGTATGTACGCACACATACACATACACACATACACATACGCAC,10.412140818440461,10.63661514219575,10.258606286207554,10.917230965925427,9.907050670955531,10.412140818440479
TGCACGCCCACGCGTATG,7,GC,ACGTATGGCCGCCCACGCGTATGTACGCACACATACACATACACACATACACATACGCAC,10.587631828293073,10.832573391574401,10.386885451700715,11.093959669462793,10.08130398712339,10.587631828293091
TGCACGCCCACGCGTATG,7,GG,ACGTATGGGCGCCCACGCGTATGTACGCACACATACACATACACACATACACATACGCAC,10.661473990258033,11.139154913251264,10.587581374842678,11.168347934342155,10.154600046173947,10.66147399025805
TGCACGCCCACGCGTATG,7,GT,ACGTATGGTCGCCCACGCGTATGTACGCACACATACACATACACACATACACATACGCAC,10.414243173852004,10.584849555191349,10.224719239741056,10.91934764580711,9.909138701896934,10.414243173852022
TGCACGCCCACGCGTATG,7,T,ACGTATGTACGCCCACGCGTATGTACGCACACATACACATACACACATACACATACGCAC,10.291229868989722,10.677014401380111,10.285052650528241,10.795516788425157,9.786942949554323,10.29122986898974
TGCACGCCCACGCGTATG,7,TC,ACGTATGTCCGCCCACGCGTATGTACGCACACATACACATACACACATACACATACGCAC,10.53102897599808,10.746542331618862,10.3305673706167,11.036948342485532,10.025109609510663,10.531028975998098
TGCACGCCCACGCGTATG,7,TG,ACGTATGTGCGCCCACGCGTATGTACGCACACATACACATACACACATACACATACGCAC,10.467635909983954,10.358262797304238,10.07638988741359,10.97310826983319,9.962163550134754,10.467635909983972
TGCACGCCCACGCGTATG,7,TT,ACGTATGTTCGCCCACGCGTATGTACGCACACATACACATACACACATACACATACGCAC,10.407182815592998,10.542443358030416,10.196959083683367,10.912239229970893,9.902126401215138,10.407182815593016
TGCACGCCCACGCGTATG,8,C,ACGTATGCCCGCCCACGCGTATGTACGCACACATACACATACACACATACACATACGCAC,10.561266589258283,10.932503752152627,10.452302362206153,11.06740306979689,10.05513010871971,10.5612665892583
TGCACGCCCACGCGTATG,8,CA,ACGTATGCCAGCCCACGCGTATGTACGCACACATACACATACACACATACACATACGCAC,10.383812730853736,10.347494844684816,10.069340916622775,10.88871105656386,9.878914405143647,10.383812730853753
TGCACGCCCACGCGTATG,8,CG,ACGTATGCCGGCCCACGCGTATGTACGCACACATACACATACACACATACACATACGCAC,10.382512863752321,10.358551904110387,10.076579143951392,10.887402440802182,9.877623286702496,10.38251286375234
TGCACGCCCACGCGTATG,8,CT,ACGTATGCCTGCCCACGCGTATGTACGCACACATACACATACACACATACACATACGCAC,10.388687628663146,10.24101765474767,9.999638288065398,10.893618806191258,9.883756451135069,10.388687628663163
TGCACGCCCACGCGTATG,8,G,ACGTATGCGCGCCCACGCGTATGTACGCACACATACACATACACACATACACATACGCAC,10.474777785317189,10.617973911632209,10.24640327098345,10.980299951219832,9.96925561941458,10.474777785317206
TGCACGCCCACGCGTATG,8,GA,ACGTATGCGAGCCCACGCGTATGTACGCACACATACACATACACACATACACATACGCAC,10.2572908773204,10.228932954505398,9.991727341385536,10.761359630170318,9.753222124470518,10.257290877320418
TGCACGCCCACGCGTATG,8,GG,ACGTATGCGGGCCCACGCGTATGTACGCACACATACACATACACACATACACATACGCAC,10.39467153604683,10.396272929288173,10.101272269383447,10.899643128929581,9.889699943164116,10.394671536046848
TGCACGCCCACGCGTATG,8,GT,ACGTATGCGTGCCCACGCGTATGTACGCACACATACACATACACACATACACATACGCAC,10.338964434712263,10.291748180902603,10.032847757841836,10.843563618082559,9.834365251342003,10.338964434712281
TGCACGCCCACGCGTATG,8,T,ACGTATGCTCGCCCACGCGTATGTACGCACACATACACATACACACATACACATACGCAC,10.403216839034375,10.476898373604442,10.15405169942633,10.90824631877969,9.898187359289095,10.403216839034393
TGCACGCCCACGCGTATG,8,TA,ACGTATGCTAGCCCACGCGTATGTACGCACACATACACATACACACATACACATACGCAC,10.301793763445813,10.250079199833499,10.005570201855068,10.806149243181757,9.797438283709905,10.301793763445831
TGCACGCCCACGCGTATG,8,TG,ACGTATGCTGGCCCACGCGTATGTACGCACACATACACATACACACATACACATACGCAC,10.29757147327067,10.245313025492196,10.002450145062175,10.801899512892978,9.793243433648398,10.297571473270688
TGCACGCCCACGCGTATG,8,TT,ACGTATGCTTGCCCACGCGTATGTACGCACACATACACATACACACATACACATACGCAC,10.315249460788314,10.137622940111548,9.931953524846799,10.819692717721109,9.810806203855554,10.315249460788332
TGCACGCCCACGCGTATG,9,A,ACGTATGCAAGCCCACGCGTATGTACGCACACATACACATACACACATACACATACGCAC,10.269587937122015,10.282188496590551,10.026589749670112,10.77373536783268,9.765440506411386,10.269587937122033
TGCACGCCCACGCGTATG,9,AA,ACGTATGCAAACCCACGCGTATGTACGCACACATACACATACACACATACACATACGCAC,10.287507685432791,10.29114405787718,10.032452283817127,10.791770521563436,9.783244849302182,10.287507685432809
TGCACGCCCACGCGTATG,9,AC,ACGTATGCAACCCCACGCGTATGTACGCACACATACACATACACACATACACATACGCAC,10.191163374968378,9.94042952838764,9.802865791225475,10.694816258039312,9.687510491897475,10.191163374968394
TGCACGCCCACGCGTATG,9,AT,ACGTATGCAATCCCACGCGTATGTACGCACACATACACATACACACATACACATACGCAC,10.27035042286235,9.867246788562497,9.754958541476922,10.774502745886583,9.766198099838153,10.270350422862368
TGCACGCCCACGCGTATG,9,G,ACGTATGCAGGCCCACGCGTATGTACGCACACATACACATACACACATACACATACGCAC,10.22949450430955,10.06767422948258,9.886163351402924,10.733386964064438,9.725602044554696,10.229494504309567
TGCACGCCCACGCGTATG,9,GA,ACGTATGCAGACCCACGCGTATGTACGCACACATACACATACACACATACACATACGCAC,10.22918769217543,9.939584644555005,9.802312709161654,10.733078218039813,9.725297166311082,10.229187692175447
TGCACGCCCACGCGTATG,9,GC,ACGTATGCAGCCCCACGCGTATGTACGCACACATACACATACACACATACACATACGCAC,10.155024178351555,9.721430162653014,9.659503335350067,10.658454938629777,9.651593418073364,10.155024178351571
TGCACGCCCACGCGTATG,9,GT,ACGTATGCAGTCCCACGCGTATGTACGCACACATACACATACACACATACACATACGCAC,10.118195625029236,9.722112406274434,9.659949949068531,10.621403778932942,9.614987471125561,10.118195625029252
TGCACGCCCACGCGTATG,9,T,ACGTATGCATGCCCACGCGTATGTACGCACACATACACATACACACATACACATACGCAC,10.349486613684583,10.324776513856683,10.054468929710914,10.85415548036196,9.84481774700724,10.3494866136846
TGCACGCCCACGCGTATG,9,TA,ACGTATGCATACCCACGCGTATGTACGCACACATACACATACACACATACACATACGCAC,10.196455629417146,10.10979226398842,9.913734868987678,10.700141346300308,9.692769912534017,10.196455629417162
TGCACGCCCACGCGTATG,9,TC,ACGTATGCATCCCCACGCGTATGTACGCACACATACACATACACACATACACATACGCAC,10.243435883392422,9.741477464675022,9.672626800077511,10.747416494730386,9.739455272054494,10.24343588339244
TGCACGCCCACGCGTATG,9,TT,ACGTATGCATTCCCACGCGTATGTACGCACACATACACATACACACATACACATACGCAC,10.262088141230342,9.780565212541298,9.698214616325064,10.766187537420642,9.757988745040077,10.26208814123036
TGCACGCCCACGCGTATG,10,A,ACGTATGCACACCCACGCGTATGTACGCACACATACACATACACACATACACATACGCAC,10.457861052229605,10.691624921311544,10.294617061876925,10.96326547229707,9.952456632162175,10.457861052229623
TGCACGCCCACGCGTATG,10,AA,ACGTATGCACAACCACGCGTATGTACGCACACATACACATACACACATACACATACGCAC,9.985136661563532,9.755412868227012,9.681749263378382,10.487572204822355,9.48270111830474,9.985136661563548
TGCACGCCCACGCGTATG,10,AG,ACGTATGCACAGCCACGCGTATGTACGCACACATACACATACACACATACACATACGCAC,9.20109779060925,8.989550303431782,9.18039649560311,9.69999772501128,8.702197856207249,9.201097790609264
TGCACGCCCACGCGTATG,10,AT,ACGTATGCACATCCACGCGTATGTACGCACACATACACATACACACATACACATACGCAC,9.539176383848414,9.237993950625233,9.343033913701648,10.039386449439208,9.038966318257652,9.53917638384843
TGCACGCCCACGCGTATG,10,C,ACGTATGCACCCCCACGCGTATGTACGCACACATACACATACACACATACACATACGCAC,10.419151452942367,10.15596009584369,9.943957485089841,10.92428941520736,9.91401349067741,10.419151452942385
TGCACGCCCACGCGTATG,10,CA,ACGTATGCACCACCACGCGTATGTACGCACACATACACATACACACATACACATACGCAC,9.973619774716505,9.935014179476637,9.79932076854151,10.47599078108743,9.471248768345612,9.973619774716521
TGCACGCCCACGCGTATG,10,CG,ACGTATGCACCGCCACGCGTATGTACGCACACATACACATACACACATACACATACGCAC,9.193601047971885,8.98308312673637,9.176162920174596,9.692475639811875,8.694726456131924,9.1936010479719
TGCACGCCCACGCGTATG,10,CT,ACGTATGCACCTCCACGCGTATGTACGCACACATACACATACACACATACACATACGCAC,9.654000025882317,9.208957818731093,9.324026136379999,10.154729241033717,9.153270810730948,9.654000025882333
TGCACGCCCACGCGTATG,10,T,ACGTATGCACTCCCACGCGTATGTACGCACACATACACATACACACATACACATACGCAC,10.428186495234625,9.712287999874116,9.653518647204514,10.93338627982655,9.922986710642736,10.428186495234643
TGCACGCCCACGCGTATG,10,TA,ACGTATGCACTACCACGCGTATGTACGCACACATACACATACACACATACACATACGCAC,9.972780379032077,9.94110509916607,9.803308036734217,10.475146696279237,9.470414061784949,9.972780379032093
TGCACGCCCACGCGTATG,10,TG,ACGTATGCACTGCCACGCGTATGTACGCACACATACACATACACACATACACATACGCAC,9.464245884940434,9.334101433709295,9.405948273095872,9.96413740675681,8.96435436312409,9.46424588494045
TGCACGCCCACGCGTATG,10,TT,ACGTATGCACTTCCACGCGTATGTACGCACACATACACATACACACATACACATACGCAC,9.538780436900131,8.851946074004474,9.090317329376452,10.038988777197144,9.03857209660315,9.538780436900147
TGCACGCCCACGCGTATG,11,A,ACGTATGCACGACCACGCGTATGTACGCACACATACACATACACACATACACATACGCAC,9.87547380608093,9.818769163215576,9.723223876851618,10.377309976938346,9.373637635223545,9.875473806080945
TGCACGCCCACGCGTATG,11,AA,ACGTATGCACGAACACGCGTATGTACGCACACATACACATACACACATACACATACGCAC,7.562421472723801,7.573015505373369,8.253097428770598,8.05964607074836,7.065196874699264,7.562421472723813
TGCACGCCCACGCGTATG,11,AG,ACGTATGCACGAGCACGCGTATGTACGCACACATACACATACACACATACACATACGCAC,7.305524180455831,7.095350238472294,7.940405811972488,7.803192335982794,6.807856024928891,7.305524180455842
TGCACGCCCACGCGTATG,11,AT,ACGTATGCACGATCACGCGTATGTACGCACACATACACATACACACATACACATACGCAC,7.310215878070003,7.2757278793619875,8.058485521912353,7.8078742204397384,6.81255753570029,7.310215878070014
TGCACGCCCACGCGTATG,11,G,ACGTATGCACGGCCACGCGTATGTACGCACACATACACATACACACATACACATACGCAC,9.299220834470058,9.211954433855423,9.325987795502144,9.798467335345043,8.7999743335951,9.299220834470072
TGCACGCCCACGCGTATG,11,GA,ACGTATGCACGGACACGCGTATGTACGCACACATACACATACACACATACACATACGCAC,7.638920526729604,7.505292176501534,8.208764045819667,8.136049994124093,7.141791059335137,7.638920526729615
TGCACGCCCACGCGTATG,11,GG,ACGTATGCACGGGCACGCGTATGTACGCACACATACACATACACACATACACATACGCAC,8.796792687674662,8.592569107613668,8.92052268739398,9.294556707165317,8.299028668184036,8.796792687674676
TGCACGCCCACGCGTATG,11,GT,ACGTATGCACGGTCACGCGTATGTACGCACACATACACATACACACATACACATACGCAC,7.7855130611395085,7.518337095761356,8.217303575856711,8.28250767609918,7.288518446179865,7.785513061139522
TGCACGCCCACGCGTATG,11,T,ACGTATGCACGTCCACGCGTATGTACGCACACATACACATACACACATACACATACGCAC,9.425975807800071,9.210933520782168,9.325319480299832,9.925710814625697,8.926240800974478,9.425975807800087
TGCACGCCCACGCGTATG,11,TA,ACGTATGCACGTACACGCGTATGTACGCACACATACACATACACACATACACATACGCAC,7.728195685199458,7.595134873555311,8.267577319770913,8.225235601389537,7.231155769009403,7.72819568519947
TGCACGCCCACGCGTATG,11,TG,ACGTATGCACGTGCACGCGTATGTACGCACACATACACATACACACATACACATACGCAC,7.755767170102998,7.825311123933637,8.418256443556213,8.252784104531115,7.258750235674905,7.7557671701030095
TGCACGCCCACGCGTATG,11,TT,ACGTATGCACGTTCACGCGTATGTACGCACACATACACATACACACATACACATACGCAC,7.467942332285852,7.269188830341631,8.054204897064407,7.965307836561596,6.970576828010131,7.467942332285864
TGCACGCCCACGCGTATG,12,A,ACGTATGCACGCACACGCGTATGTACGCACACATACACATACACACATACACATACGCAC,8.937612591306213,9.420784463427916,9.46269314987438,9.43571878631209,8.439506396300363,8.937612591306227
TGCACGCCCACGCGTATG,12,AA,ACGTATGCACGCAAACGCGTATGTACGCACACATACACATACACACATACACATACGCAC,8.36182510418254,7.960167217245862,8.506536611227709,8.858894493623179,7.864755714741925,8.361825104182552
TGCACGCCCACGCGTATG,12,AG,ACGTATGCACGCAGACGCGTATGTACGCACACATACACATACACACATACACATACGCAC,7.877397186353287,7.741603117701321,8.363459091474196,8.37433908230831,7.380455290398287,7.877397186353299
TGCACGCCCACGCGTATG,12,AT,ACGTATGCACGCATACGCGTATGTACGCACACATACACATACACACATACACATACGCAC,8.419580362549237,8.384499844731305,8.784315349902657,8.916710413496311,7.922450311602187,8.41958036254925
TGCACGCCCACGCGTATG,12,G,ACGTATGCACGCGCACGCGTATGTACGCACACATACACATACACACATACACATACGCAC,8.671115273688494,8.631364305473737,8.945918993098953,9.168622303357232,8.173608244019785,8.671115273688509
TGCACGCCCACGCGTATG,12,GA,ACGTATGCACGCGAACGCGTATGTACGCACACATACACATACACACATACACATACGCAC,7.732369222284388,7.322609922919876,8.089175678837561,8.229405517961291,7.235332926607506,7.732369222284399
TGCACGCCCACGCGTATG,12,GG,ACGTATGCACGCGGACGCGTATGTACGCACACATACACATACACACATACACATACGCAC,7.727094484779841,7.479920835882163,8.192155332420688,8.224135364683226,7.230053604876479,7.727094484779853
TGCACGCCCACGCGTATG,12,GT,ACGTATGCACGCGTACGCGTATGTACGCACACATACACATACACACATACACATACGCAC,8.01911925157541,8.035771731779436,8.556029215201436,8.516027911278535,7.522210591872309,8.019119251575422
TGCACGCCCACGCGTATG,12,T,ACGTATGCACGCTCACGCGTATGTACGCACACATACACATACACACATACACATACGCAC,9.457708133514576,8.192201887527501,8.658432303108961,9.957572621504067,8.957843645525116,9.457708133514592
TGCACGCCCACGCGTATG,12,TA,ACGTATGCACGCTAACGCGTATGTACGCACACATACACATACACACATACACATACGCAC,7.5595594960077,7.509030677231341,8.211211361793023,8.056787982378811,7.062331009636612,7.5595594960077115
TGCACGCCCACGCGTATG,12,TG,ACGTATGCACGCTGACGCGTATGTACGCACACATACACATACACACATACACATACGCAC,7.404583393104274,7.265057244501268,8.051500257757587,7.902057877342221,6.90710890886635,7.404583393104286
TGCACGCCCACGCGTATG,12,TT,ACGTATGCACGCTTACGCGTATGTACGCACACATACACATACACACATACACATACGCAC,7.68662133494462,7.331256914640353,8.094836215637855,8.183700076658235,7.18954259323103,7.686621334944633
TGCACGCCCACGCGTATG,13,A,ACGTATGCACGCCAACGCGTATGTACGCACACATACACATACACACATACACATACGCAC,9.891845040752054,9.84731295628672,9.741909356880074,10.393768539401767,9.389921542102373,9.89184504075207
TGCACGCCCACGCGTATG,13,AC,ACGTATGCACGCCACCGCGTATGTACGCACACATACACATACACACATACACATACGCAC,9.552759178366712,9.247795003371627,9.349449927680382,10.053028699759148,9.052489656974307,9.552759178366728
TGCACGCCCACGCGTATG,13,AG,ACGTATGCACGCCAGCGCGTATGTACGCACACATACACATACACACATACACATACGCAC,8.138418698561118,7.908187796404625,8.472509583789597,8.63534460786639,7.641492789255872,8.13841869856113
TGCACGCCCACGCGTATG,13,AT,ACGTATGCACGCCATCGCGTATGTACGCACACATACACATACACACATACACATACGCAC,8.085024700473523,7.95521854420079,8.503297086224126,8.581937778569587,7.588111622377484,8.085024700473536
TGCACGCCCACGCGTATG,13,G,ACGTATGCACGCCGACGCGTATGTACGCACACATACACATACACACATACACATACGCAC,9.638675294175094,9.52137087116276,9.52853952523798,10.13933305500498,9.13801753334524,9.63867529417511
TGCACGCCCACGCGTATG,13,GC,ACGTATGCACGCCGCCGCGTATGTACGCACACATACACATACACACATACACATACGCAC,8.052773940464402,7.916471766344002,8.477932477462934,8.549683279970601,7.555864600958227,8.052773940464414
TGCACGCCCACGCGTATG,13,GG,ACGTATGCACGCCGGCGCGTATGTACGCACACATACACATACACACATACACATACGCAC,7.60339933974067,7.518130901231159,8.21716859576607,8.100570868853469,7.106227810627894,7.603399339740681
TGCACGCCCACGCGTATG,13,GT,ACGTATGCACGCCGTCGCGTATGTACGCACACATACACATACACACATACACATACGCAC,7.596894438144544,7.504043973647405,8.207946941048617,8.094074066369325,7.099714809919786,7.596894438144556
TGCACGCCCACGCGTATG,13,T,ACGTATGCACGCCTACGCGTATGTACGCACACATACACATACACACATACACATACGCAC,10.209960711437342,10.494307104048778,10.165447889281953,10.713730569544012,9.706190853330703,10.209960711437358
TGCACGCCCACGCGTATG,13,TC,ACGTATGCACGCCTCCGCGTATGTACGCACACATACACATACACACATACACATACGCAC,10.417373488765376,9.538279211530677,9.539608147248781,10.922499311878784,9.912247665652004,10.417373488765394
TGCACGCCCACGCGTATG,13,TG,ACGTATGCACGCCTGCGCGTATGTACGCACACATACACATACACACATACACATACGCAC,9.593218981411551,9.476947554273037,9.499458912213925,10.093668718527383,9.092769244295752,9.593218981411567
TGCACGCCCACGCGTATG,13,TT,ACGTATGCACGCCTTCGCGTATGTACGCACACATACACATACACACATACACATACGCAC,9.560151815893512,8.88660073939437,9.113003139087226,10.060453917712525,9.05984971407453,9.560151815893528
TGCACGCCCACGCGTATG,14,C,ACGTATGCACGCCCCCGCGTATGTACGCACACATACACATACACACATACACATACGCAC,10.623629571578299,10.423048954998793,10.11880052473515,11.130221768308209,10.117037374848424,10.623629571578316
TGCACGCCCACGCGTATG,14,CA,ACGTATGCACGCCCCAGCGTATGTACGCACACATACACATACACACATACACATACGCAC,8.905918975520104,8.218501791243126,8.67564887710821,9.403943167189686,8.40789478385055,8.905918975520118
TGCACGCCCACGCGTATG,14,CG,ACGTATGCACGCCCCGGCGTATGTACGCACACATACACATACACACATACACATACGCAC,9.106478732442092,8.181153070200498,8.651199471263972,9.60507064769096,8.607886817193252,9.106478732442106
TGCACGCCCACGCGTATG,14,CT,ACGTATGCACGCCCCTGCGTATGTACGCACACATACACATACACACATACACATACGCAC,9.890528951371737,9.231559151783049,9.338821533624722,10.39244540177938,9.388612500964125,9.890528951371753
TGCACGCCCACGCGTATG,14,G,ACGTATGCACGCCCGCGCGTATGTACGCACACATACACATACACACATACACATACGCAC,10.14919462225909,10.107636116838934,9.912323401198528,10.652589893858279,9.645799350659933,10.149194622259106
TGCACGCCCACGCGTATG,14,GA,ACGTATGCACGCCCGAGCGTATGTACGCACACATACACATACACACATACACATACGCAC,7.7122201956740355,7.57221957352019,8.252576391895452,8.209274437632079,7.215165953716016,7.712220195674048
TGCACGCCCACGCGTATG,14,GG,ACGTATGCACGCCCGGGCGTATGTACGCACACATACACATACACACATACACATACGCAC,8.976830778412795,8.226174555707962,8.680671660408713,9.47504245571066,8.478619101114958,8.97683077841281
TGCACGCCCACGCGTATG,14,GT,ACGTATGCACGCCCGTGCGTATGTACGCACACATACACATACACACATACACATACGCAC,8.331706631279125,8.03341887467254,8.554488976159934,8.82874822679565,7.834665035762626,8.331706631279138
TGCACGCCCACGCGTATG,14,T,ACGTATGCACGCCCTCGCGTATGTACGCACACATACACATACACACATACACATACGCAC,10.177552329028725,9.772808415224992,9.693136823020671,10.681121126386795,9.673983531670686,10.17755232902874
TGCACGCCCACGCGTATG,14,TA,ACGTATGCACGCCCTAGCGTATGTACGCACACATACACATACACACATACACATACGCAC,8.190493051943728,8.151746855840033,8.631949428714426,8.687439451560595,7.693546652326886,8.19049305194374
TGCACGCCCACGCGTATG,14,TG,ACGTATGCACGCCCTGGCGTATGTACGCACACATACACATACACACATACACATACGCAC,8.070437228890192,8.074795960677418,8.581575450345506,8.567348241735134,7.573526216045274,8.070437228890205
TGCACGCCCACGCGTATG,14,TT,ACGTATGCACGCCCTTGCGTATGTACGCACACATACACATACACACATACACATACGCAC,8.82834762005316,8.331308062658788,8.749494680515213,9.32618333625354,8.330511903852809,8.828347620053174
TGCACGCCCACGCGTATG,15,A,ACGTATGCACGCCCAAGCGTATGTACGCACACATACACATACACACATACACATACGCAC,8.099402433617437,7.727824005070519,8.354438940114811,8.596318152128584,7.6024867151063145,8.099402433617449
TGCACGCCCACGCGTATG,15,AA,ACGTATGCACGCCCAAACGTATGTACGCACACATACACATACACACATACACATACGCAC,8.022076861355426,7.7538459220728315,8.371473537066832,8.518985448933336,7.525168273777542,8.022076861355439
TGCACGCCCACGCGTATG,15,AC,ACGTATGCACGCCCAACCGTATGTACGCACACATACACATACACACATACACATACGCAC,7.984121958702927,7.804425583515319,8.404584247033583,8.48103340115777,7.487210516248109,7.984121958702939
TGCACGCCCACGCGTATG,15,AT,ACGTATGCACGCCCAATCGTATGTACGCACACATACACATACACACATACACATACGCAC,7.949797216161852,7.752962052248568,8.370894933798938,8.446714843852327,7.452879588471404,7.9497972161618655
TGCACGCCCACGCGTATG,15,G,ACGTATGCACGCCCAGGCGTATGTACGCACACATACACATACACACATACACATACGCAC,8.470311205516108,8.20040338928823,8.663801211052327,8.967502523139478,7.973119887892767,8.470311205516122
TGCACGCCCACGCGTATG,15,GA,ACGTATGCACGCCCAGACGTATGTACGCACACATACACATACACACATACACATACGCAC,7.79770203551669,7.582929819604765,8.259587586546926,8.294688246627421,7.3007158244059855,7.7977020355167035
TGCACGCCCACGCGTATG,15,GC,ACGTATGCACGCCCAGCCGTATGTACGCACACATACACATACACACATACACATACGCAC,7.724667566876013,7.630601023251776,8.290794347381356,8.221710583118162,7.227624550633889,7.724667566876025
TGCACGCCCACGCGTATG,15,GT,ACGTATGCACGCCCAGTCGTATGTACGCACACATACACATACACACATACACATACGCAC,8.030409562130485,7.711741085643924,8.343910659272952,8.527318083148344,7.53350104111265,8.030409562130497
TGCACGCCCACGCGTATG,15,T,ACGTATGCACGCCCATGCGTATGTACGCACACATACACATACACACATACACATACGCAC,9.527265662897605,8.971261256946436,9.168424028874892,10.027424024180595,9.027107301614647,9.527265662897621
TGCACGCCCACGCGTATG,15,TA,ACGTATGCACGCCCATACGTATGTACGCACACATACACATACACACATACACATACGCAC,8.880237805862647,8.308371178672415,8.734479623246049,9.378197676344854,8.382277935380468,8.880237805862661
TGCACGCCCACGCGTATG,15,TC,ACGTATGCACGCCCATCCGTATGTACGCACACATACACATACACACATACACATACGCAC,8.45638105201948,8.168542682928678,8.642944396721798,8.953554803032192,7.959207301006798,8.456381052019495
TGCACGCCCACGCGTATG,15,TT,ACGTATGCACGCCCATTCGTATGTACGCACACATACACATACACACATACACATACGCAC,8.4748074749198,8.011630696672944,8.540225890526811,8.972004582693321,7.977610367146306,8.474807474919814
TGCACGCCCACGCGTATG,16,A,ACGTATGCACGCCCACACGTATGTACGCACACATACACATACACACATACACATACGCAC,10.347660421747342,10.289464683711586,10.031352923534024,10.852317172416567,9.843003671078153,10.34766042174736
TGCACGCCCACGCGTATG,16,AA,ACGTATGCACGCCCACAAGTATGTACGCACACATACACATACACACATACACATACGCAC,10.084161920125172,9.460615050026265,9.488767246913623,10.58716773365206,9.581156106598316,10.084161920125188
TGCACGCCCACGCGTATG,16,AG,ACGTATGCACGCCCACAGGTATGTACGCACACATACACATACACACATACACATACGCAC,10.351501163890248,9.887404889534427,9.768154537964977,10.856183406980467,9.846818920800064,10.351501163890266
TGCACGCCCACGCGTATG,16,AT,ACGTATGCACGCCCACATGTATGTACGCACACATACACATACACACATACACATACGCAC,10.201608697773418,9.905400293414235,9.7799347789078,10.705326460005777,9.697890935541091,10.201608697773434
TGCACGCCCACGCGTATG,16,C,ACGTATGCACGCCCACCCGTATGTACGCACACATACACATACACACATACACATACGCAC,10.419957218687204,9.87590598016243,9.760627064623087,10.925100685242123,9.91481375213232,10.419957218687221
TGCACGCCCACGCGTATG,16,CA,ACGTATGCACGCCCACCAGTATGTACGCACACATACACATACACACATACACATACGCAC,10.357044168111546,9.938231857706143,9.801427141094925,10.861763274271837,9.85232506195129,10.357044168111564
TGCACGCCCACGCGTATG,16,CG,ACGTATGCACGCCCACCGGTATGTACGCACACATACACATACACACATACACATACGCAC,10.325465569018506,9.67078491950425,9.626349693960018,10.829975805697789,9.82095533233926,10.325465569018524
TGCACGCCCACGCGTATG,16,CT,ACGTATGCACGCCCACCTGTATGTACGCACACATACACATACACACATACACATACGCAC,10.407500019368872,10.044614171379807,9.871067661280017,10.912558589891903,9.902441448845876,10.40750001936889
TGCACGCCCACGCGTATG,16,T,ACGTATGCACGCCCACTCGTATGTACGCACACATACACATACACACATACACATACGCAC,10.3283957461889,9.728190399486273,9.663928755266076,10.83292524741656,9.823866244961275,10.328395746188917
TGCACGCCCACGCGTATG,16,TA,ACGTATGCACGCCCACTAGTATGTACGCACACATACACATACACACATACACATACGCAC,10.194943744032425,9.583487956874164,9.569202921360327,10.698620073017034,9.691267415047848,10.194943744032441
TGCACGCCCACGCGTATG,16,TG,ACGTATGCACGCCCACTGGTATGTACGCACACATACACATACACACATACACATACGCAC,10.288885998493978,9.766195860701496,9.688808079634049,10.793157748108289,9.784614248879702,10.288885998493996
TGCACGCCCACGCGTATG,16,TT,ACGTATGCACGCCCACTTGTATGTACGCACACATACACATACACACATACACATACGCAC,10.216215833592425,9.716303600004059,9.656147359367726,10.720024835528202,9.712406831656681,10.216215833592441
TGCACGCCCACGCGTATG,17,A,ACGTATGCACGCCCACGAGTATGTACGCACACATACACATACACACATACACATACGCAC,10.370141828956715,9.391667188571049,9.443632254342207,10.874948377873743,9.865335280039723,10.370141828956733
TGCACGCCCACGCGTATG,17,AA,ACGTATGCACGCCCACGAATATGTACGCACACATACACATACACACATACACATACGCAC,10.301776976895196,9.383783606853518,9.438471464801431,10.806132347439469,9.797421606350959,10.301776976895214
TGCACGCCCACGCGTATG,17,AC,ACGTATGCACGCCCACGACTATGTACGCACACATACACATACACACATACACATACGCAC,10.420583476815478,10.24811236489863,10.004282662571022,10.925731222660502,9.91543573097049,10.420583476815496
TGCACGCCCACGCGTATG,17,AT,ACGTATGCACGCCCACGATTATGTACGCACACATACACATACACACATACACATACGCAC,10.293568258600546,9.671238323071663,9.626646503262222,10.797870327598968,9.78926618960216,10.293568258600564
TGCACGCCCACGCGTATG,17,G,ACGTATGCACGCCCACGGGTATGTACGCACACATACACATACACACATACACATACGCAC,10.447496470092352,9.631228277016698,9.600454927579403,10.952829139667413,9.942163800517326,10.44749647009237
TGCACGCCCACGCGTATG,17,GA,ACGTATGCACGCCCACGGATATGTACGCACACATACACATACACACATACACATACGCAC,10.428940670963733,9.72279434533251,9.660396363412222,10.934145626212139,9.923735715715363,10.428940670963751
TGCACGCCCACGCGTATG,17,GC,ACGTATGCACGCCCACGGCTATGTACGCACACATACACATACACACATACACATACGCAC,10.316226144610791,9.780846537067815,9.698398778388201,10.820675792437473,9.811776496784145,10.316226144610809
TGCACGCCCACGCGTATG,17,GT,ACGTATGCACGCCCACGGTTATGTACGCACACATACACATACACACATACACATACGCAC,10.398900001249483,10.027756005293405,9.860031884607354,10.903900212982384,9.893899789516619,10.398900001249501
TGCACGCCCACGCGTATG,17,T,ACGTATGCACGCCCACGTGTATGTACGCACACATACACATACACACATACACATACGCAC,10.40801337415359,10.08713377370984,9.8989020551945,10.913075434718628,9.902951313588588,10.408013374153608
TGCACGCCCACGCGTATG,17,TA,ACGTATGCACGCCCACGTATATGTACGCACACATACACATACACACATACACATACGCAC,10.353176861092946,10.331656980976856,10.058973055376343,10.857870239218675,9.848483482967252,10.353176861092964
TGCACGCCCACGCGTATG,17,TC,ACGTATGCACGCCCACGTCTATGTACGCACACATACACATACACACATACACATACGCAC,10.363819562085132,10.39099930319447,10.097820021996219,10.868583842853017,9.859055281317282,10.36381956208515
TGCACGCCCACGCGTATG,17,TT,ACGTATGCACGCCCACGTTTATGTACGCACACATACACATACACACATACACATACGCAC,10.342484143853085,10.074459145157347,9.890604926705114,10.84710660237677,9.837861685329434,10.342484143853103
TGCACGCCCACGCGTATG,18,A,ACGTATGCACGCCCACGCATATGTACGCACACATACACATACACACATACACATACGCAC,10.430284945811817,10.846055578235438,10.395711227902456,10.935499121356518,9.925070770267151,10.430284945811835
TGCACGCCCACGCGTATG,18,AA,ACGTATGCACGCCCACGCAAATGTACGCACACATACACATACACACATACACATACGCAC,10.311732127677876,10.78907339826191,10.358409269356885,10.81615239101955,9.807311864336238,10.311732127677894
TGCACGCCCACGCGTATG,18,AC,ACGTATGCACGCCCACGCACATGTACGCACACATACACATACACACATACACATACGCAC,10.470192439043686,10.952033595919675,10.465087085832703,10.975682611457378,9.96470226663003,10.470192439043704
TGCACGCCCACGCGTATG,18,AG,ACGTATGCACGCCCACGCAGATGTACGCACACATACACATACACACATACACATACGCAC,10.555213600795284,10.904003071435403,10.433645104601611,11.061306417970911,10.049120783619692,10.555213600795302
TGCACGCCCACGCGTATG,18,C,ACGTATGCACGCCCACGCCTATGTACGCACACATACACATACACACATACACATACGCAC,10.590993853205987,10.584627960286298,10.224574178180301,11.097346233428823,10.084641472983186,10.590993853206005
TGCACGCCCACGCGTATG,18,CA,ACGTATGCACGCCCACGCCAATGTACGCACACATACACATACACACATACACATACGCAC,10.582763977410282,10.54506099878471,10.198672656715308,11.089056343668615,10.076471611151986,10.5827639774103
TGCACGCCCACGCGTATG,18,CC,ACGTATGCACGCCCACGCCCATGTACGCACACATACACATACACACATACACATACGCAC,10.67777683621291,10.834032859661324,10.387840855971003,11.18477336150045,10.170780310925405,10.677776836212928
TGCACGCCCACGCGTATG,18,CG,ACGTATGCACGCCCACGCCGATGTACGCACACATACACATACACACATACACATACGCAC,10.460958184125163,10.324053906381215,10.053995892805215,10.966384102147083,9.955532266103278,10.46095818412518
TGCACGCCCACGCGTATG,18,T,ACGTATGCACGCCCACGCTTATGTACGCACACATACACATACACACATACACATACGCAC,10.451421082126,10.490629099674878,10.163040175734501,10.956780885563923,9.946061278688113,10.451421082126018
TGCACGCCCACGCGTATG,18,TA,ACGTATGCACGCCCACGCTAATGTACGCACACATACACATACACACATACACATACGCAC,10.534267187019204,10.339189871869317,10.063904273942033,11.040209684452707,10.028324689585736,10.534267187019221
TGCACGCCCACGCGTATG,18,TC,ACGTATGCACGCCCACGCTCATGTACGCACACATACACATACACACATACACATACGCAC,10.542772351955737,10.6493865894592,10.266966794643867,11.048775740271031,10.036768963640478,10.542772351955755
TGCACGCCCACGCGTATG,18,TG,ACGTATGCACGCCCACGCTGATGTACGCACACATACACATACACACATACACATACGCAC,10.476780804620594,10.430880809390255,10.123927452276023,10.98231696446118,9.971244644780043,10.476780804620612
TGCACGCCCACGCGTATG,19,A,ACGTATGCACGCCCACGCGAATGTACGCACACATACACATACACACATACACATACGCAC,10.385743934284315,10.134092651935893,9.929642510012979,10.890655266457063,9.880832602111603,10.385743934284333
TGCACGCCCACGCGTATG,19,AC,ACGTATGCACGCCCACGCGACTGTACGCACACATACACATACACACATACACATACGCAC,10.555669499150875,10.475976605823712,10.153448287209363,11.061765601451395,10.049573396850391,10.555669499150893
TGCACGCCCACGCGTATG,19,AG,ACGTATGCACGCCCACGCGAGTGTACGCACACATACACATACACACATACACATACGCAC,10.509045916693118,10.388418644587723,10.096130658401954,11.014809018667343,10.00328281471893,10.509045916693136
TGCACGCCCACGCGTATG,19,AT,ACGTATGCACGCCCACGCGATTGTACGCACACATACACATACACACATACACATACGCAC,10.505724857736231,10.376687943799205,10.08845144860817,11.011464468003222,9.999985247469276,10.505724857736249
TGCACGCCCACGCGTATG,19,C,ACGTATGCACGCCCACGCGCATGTACGCACACATACACATACACACATACACATACGCAC,10.664643787460292,10.759369621021323,10.338964434712263,11.171541508319141,10.15774606660148,10.66464378746031
TGCACGCCCACGCGTATG,19,CC,ACGTATGCACGCCCACGCGCCTGTACGCACACATACACATACACACATACACATACGCAC,10.454610233066656,10.658809828333425,10.273135482223294,10.959992116884967,9.949228349248381,10.454610233066674
TGCACGCCCACGCGTATG,19,CG,ACGTATGCACGCCCACGCGCGTGTACGCACACATACACATACACACATACACATACGCAC,10.56623995652534,10.597097944523533,10.232737341388473,11.072412387928832,10.060067525121884,10.566239956525358
TGCACGCCCACGCGTATG,19,CT,ACGTATGCACGCCCACGCGCTTGTACGCACACATACACATACACACATACACATACGCAC,10.521520485586317,10.688729501193372,10.292721647533876,11.027372098552048,10.015668872620621,10.521520485586334
TGCACGCCCACGCGTATG,19,G,ACGTATGCACGCCCACGCGGATGTACGCACACATACACATACACACATACACATACGCAC,10.394166589858774,10.424403203469275,10.119687049615907,10.899134768502043,9.88919841121554,10.394166589858791
TGCACGCCCACGCGTATG,19,GC,ACGTATGCACGCCCACGCGGCTGTACGCACACATACACATACACACATACACATACGCAC,10.514719439894806,10.578632714665162,10.22064954062284,11.020522744163443,10.008916135626205,10.514719439894824
TGCACGCCCACGCGTATG,19,GG,ACGTATGCACGCCCACGCGGGTGTACGCACACATACACATACACACATACACATACGCAC,10.56784938166432,10.300648035641743,10.038673825091196,11.074033461641164,10.061665301687512,10.567849381664338
TGCACGCCCACGCGTATG,19,GT,ACGTATGCACGCCCACGCGGTTGTACGCACACATACACATACACACATACACATACGCAC,10.535543596228411,10.672941167973743,10.282386210182482,11.041495219141959,10.029591973314899,10.535543596228429
TGCACGCCCACGCGTATG,20,C,ACGTATGCACGCCCACGCGTCTGTACGCACACATACACATACACACATACACATACGCAC,10.415022924371359,10.686347007998885,10.291162007969065,10.920132712290995,9.909913136451758,10.415022924371376
TGCACGCCCACGCGTATG,20,CA,ACGTATGCACGCCCACGCGTCAGTACGCACACATACACATACACACATACACATACGCAC,10.506682672896412,10.622142116966389,10.249131882325754,11.012429055207416,10.000936290585443,10.50668267289643
TGCACGCCCACGCGTATG,20,CC,ACGTATGCACGCCCACGCGTCCGTACGCACACATACACATACACACATACACATACGCAC,10.576559568665022,10.83200806162405,10.386515372592083,11.082806814057621,10.070312323272459,10.57655956866504
TGCACGCCCACGCGTATG,20,CG,ACGTATGCACGCCCACGCGTCGGTACGCACACATACACATACACACATACACATACGCAC,10.512355982715523,10.733078652347643,10.321753709814688,11.018142528872836,10.006569436558244,10.51235598271554
TGCACGCCCACGCGTATG,20,G,ACGTATGCACGCCCACGCGTGTGTACGCACACATACACATACACACATACACATACGCAC,10.530214442540483,10.572334620668796,10.216526650953163,11.036127995256482,10.02430088982452,10.530214442540501
TGCACGCCCACGCGTATG,20,GA,ACGTATGCACGCCCACGCGTGAGTACGCACACATACACATACACACATACACATACGCAC,10.497090602759688,10.510356858009683,10.175954459181428,11.002769280334135,9.991411925185275,10.497090602759705
TGCACGCCCACGCGTATG,20,GC,ACGTATGCACGCCCACGCGTGCGTACGCACACATACACATACACACATACACATACGCAC,10.582725952909824,10.810034426349228,10.372130881993483,11.089018042317248,10.076433863502436,10.582725952909842
TGCACGCCCACGCGTATG,20,GG,ACGTATGCACGCCCACGCGTGGGTACGCACACATACACATACACACATACACATACGCAC,10.738915240352844,10.900064845013542,10.431067043200668,11.246377935751749,10.231452544953974,10.738915240352862
TGCACGCCCACGCGTATG,20,T,ACGTATGCACGCCCACGCGTTTGTACGCACACATACACATACACACATACACATACGCAC,10.426794953804174,10.705303714604874,10.303571541691813,10.931985202063753,9.921604705544631,10.426794953804192
TGCACGCCCACGCGTATG,20,TA,ACGTATGCACGCCCACGCGTTAGTACGCACACATACACATACACACATACACATACGCAC,10.385605012165374,10.533188830658554,10.190900838868156,10.890515408366774,9.88069461596401,10.385605012165392
TGCACGCCCACGCGTATG,20,TC,ACGTATGCACGCCCACGCGTTCGTACGCACACATACACATACACACATACACATACGCAC,10.23577246310278,10.547475491125892,10.200253243720951,10.739704551505145,9.73184037470045,10.235772463102798
TGCACGCCCACGCGTATG,20,TG,ACGTATGCACGCCCACGCGTTGGTACGCACACATACACATACACACATACACATACGCAC,10.377467640181296,10.552349643853882,10.203443985863297,10.882323305051704,9.872611975310923,10.377467640181314
TGCACGCCCACGCGTATG,21,A,ACGTATGCACGCCCACGCGTAAGTACGCACACATACACATACACACATACACATACGCAC,10.4149179933634,10.580217080070446,10.221686705797925,10.920027065815903,9.909808920910931,10.414917993363417
TGCACGCCCACGCGTATG,21,AA,ACGTATGCACGCCCACGCGTAAATACGCACACATACACATACACACATACACATACGCAC,10.325809777710715,10.568140087276259,10.213780804606127,10.830322276166404,9.821297279255061,10.325809777710733
TGCACGCCCACGCGTATG,21,AC,ACGTATGCACGCCCACGCGTAACTACGCACACATACACATACACACATACACATACGCAC,10.65937476291726,10.995152507777384,10.493313802736017,11.166232975749699,10.152516550084856,10.659374762917277
TGCACGCCCACGCGTATG,21,AT,ACGTATGCACGCCCACGCGTAATTACGCACACATACACATACACACATACACATACGCAC,10.4744106003507,10.570126935416257,10.215081445034222,10.979930202144764,9.96889099855667,10.474410600350717
TGCACGCCCACGCGTATG,21,C,ACGTATGCACGCCCACGCGTACGTACGCACACATACACATACACACATACACATACGCAC,10.510845336456972,10.724483127312398,10.316126864392293,11.016621179425726,10.005069493488254,10.51084533645699
TGCACGCCCACGCGTATG,21,CA,ACGTATGCACGCCCACGCGTACATACGCACACATACACATACACACATACACATACGCAC,10.4825697768081,10.634337612944666,10.257115358662316,10.988146443066269,9.976993110549968,10.482569776808118
TGCACGCCCACGCGTATG,21,CC,ACGTATGCACGCCCACGCGTACCTACGCACACATACACATACACACATACACATACGCAC,10.794542524342022,11.294216502136077,10.689088564691836,11.302438226841886,10.286646821842194,10.79454252434204
TGCACGCCCACGCGTATG,21,CT,ACGTATGCACGCCCACGCGTACTTACGCACACATACACATACACACATACACATACGCAC,10.348862239039525,10.587063738065412,10.22616869916537,10.853526962215811,9.844197515863273,10.348862239039542
TGCACGCCCACGCGTATG,21,G,ACGTATGCACGCCCACGCGTAGGTACGCACACATACACATACACACATACACATACGCAC,10.452692189171234,10.749429795077933,10.332457576331928,10.958060789869705,9.947323588472798,10.452692189171252
TGCACGCCCACGCGTATG,21,GA,ACGTATGCACGCCCACGCGTAGATACGCACACATACACATACACACATACACATACGCAC,10.394273720964392,10.617675747019883,10.246208084979441,10.899242623925373,9.889304818003447,10.39427372096441
TGCACGCCCACGCGTATG,21,GC,ACGTATGCACGCCCACGCGTAGCTACGCACACATACACATACACACATACACATACGCAC,10.63598764904864,10.692864137610423,10.295428283824405,11.142671418835898,10.12930387926142,10.635987649048658
TGCACGCCCACGCGTATG,21,GT,ACGTATGCACGCCCACGCGTAGTTACGCACACATACACATACACACATACACATACGCAC,10.481490400498645,10.603349699149165,10.236829896148413,10.98705950716745,9.975921293829876,10.481490400498663
TGCACGCCCACGCGTATG,22,A,ACGTATGCACGCCCACGCGTATATACGCACACATACACATACACACATACACATACGCAC,10.391331099910195,10.502250736093531,10.170647989267112,10.896280119240153,9.886382080580272,10.391331099910213
TGCACGCCCACGCGTATG,22,C,ACGTATGCACGCCCACGCGTATCTACGCACACATACACATACACACATACACATACGCAC,10.618249443068482,10.791591381305228,10.360057603961561,11.12480190397612,10.111696982160879,10.6182494430685
TGCACGCCCACGCGTATG,22,T,ACGTATGCACGCCCACGCGTATTTACGCACACATACACATACACACATACACATACGCAC,10.44755451008192,10.70944484956107,10.306282432088414,10.952887580622185,9.94222143954169,10.447554510081938
