Position,A,C,G,T,Protein,Experiment
0,0.084117,0.241558,0.624821,0.049504,ELK1_NonUV,ELK1_NonUV
1,0.321102,0.109022,0.502468,0.067408,ELK1_NonUV,ELK1_NonUV
2,0.041101,0.593320,0.175129,0.190451,ELK1_NonUV,ELK1_NonUV
3,0.285858,0.071179,0.048731,0.594232,ELK1_NonUV,ELK1_NonUV
4,0.091159,0.059551,0.059327,0.789962,ELK1_NonUV,ELK1_NonUV
5,0.007921,0.982427,0.007757,0.001894,ELK1_NonUV,ELK1_NonUV
6,0.005849,0.986808,0.006763,0.000580,ELK1_NonUV,ELK1_NonUV
7,0.001197,0.003912,0.989050,0.005841,ELK1_NonUV,ELK1_NonUV
8,0.004174,0.014838,0.972103,0.008885,ELK1_NonUV,ELK1_NonUV
9,0.668803,0.085220,0.122753,0.123225,ELK1_NonUV,ELK1_NonUV
0,0.370814,0.209599,0.298038,0.121549,ELK1_UV,ELK1_UV
1,0.767210,0.015905,0.214984,0.001901,ELK1_UV,ELK1_UV
2,0.010308,0.843122,0.038559,0.108011,ELK1_UV,ELK1_UV
3,0.658576,0.005571,0.299849,0.036004,ELK1_UV,ELK1_UV
4,0.131544,0.014162,0.015565,0.838729,ELK1_UV,ELK1_UV
5,0.007207,0.988674,0.001398,0.002721,ELK1_UV,ELK1_UV
6,0.001563,0.993325,0.003457,0.001655,ELK1_UV,ELK1_UV
7,0.000813,0.008372,0.946682,0.044134,ELK1_UV,ELK1_UV
8,0.006973,0.169832,0.717235,0.105960,ELK1_UV,ELK1_UV
9,0.069286,0.657091,0.023158,0.250465,ELK1_UV,ELK1_UV
0,0.200211,0.321704,0.178646,0.299440,ETS1_NonUV,ETS1_NonUV
1,0.257795,0.281613,0.405348,0.055243,ETS1_NonUV,ETS1_NonUV
2,0.015191,0.562227,0.133444,0.289138,ETS1_NonUV,ETS1_NonUV
3,0.262844,0.031574,0.153165,0.552417,ETS1_NonUV,ETS1_NonUV
4,0.063047,0.017626,0.028449,0.890878,ETS1_NonUV,ETS1_NonUV
5,0.003797,0.988998,0.005628,0.001578,ETS1_NonUV,ETS1_NonUV
6,0.003154,0.990044,0.005086,0.001716,ETS1_NonUV,ETS1_NonUV
7,0.001553,0.031397,0.900772,0.066279,ETS1_NonUV,ETS1_NonUV
8,0.011753,0.059224,0.877451,0.051571,ETS1_NonUV,ETS1_NonUV
9,0.220218,0.321693,0.288856,0.169234,ETS1_NonUV,ETS1_NonUV
0,0.133558,0.436227,0.207431,0.222784,ETS1_UV,ETS1_UV
1,0.867968,0.017794,0.110248,0.003991,ETS1_UV,ETS1_UV
2,0.004262,0.904915,0.005230,0.085593,ETS1_UV,ETS1_UV
3,0.779643,0.004308,0.188356,0.027693,ETS1_UV,ETS1_UV
4,0.016586,0.029032,0.006417,0.947965,ETS1_UV,ETS1_UV
5,0.011482,0.981398,0.005270,0.001849,ETS1_UV,ETS1_UV
6,0.004898,0.987134,0.006669,0.001298,ETS1_UV,ETS1_UV
7,0.017245,0.112560,0.696952,0.173244,ETS1_UV,ETS1_UV
8,0.041901,0.220737,0.652745,0.084617,ETS1_UV,ETS1_UV
9,0.065024,0.568641,0.233475,0.132860,ETS1_UV,ETS1_UV
0,0.392460,0.098105,0.237545,0.271890,MITF_NonUV,MITF_NonUV
1,0.546324,0.128857,0.276257,0.048562,MITF_NonUV,MITF_NonUV
2,0.014311,0.057117,0.086411,0.842161,MITF_NonUV,MITF_NonUV
3,0.002846,0.988122,0.008134,0.000899,MITF_NonUV,MITF_NonUV
4,0.982210,0.004610,0.003012,0.010168,MITF_NonUV,MITF_NonUV
5,0.000430,0.949395,0.007190,0.042985,MITF_NonUV,MITF_NonUV
6,0.115163,0.003670,0.880724,0.000443,MITF_NonUV,MITF_NonUV
7,0.045923,0.013536,0.005840,0.934702,MITF_NonUV,MITF_NonUV
8,0.001128,0.001702,0.985978,0.011191,MITF_NonUV,MITF_NonUV
9,0.842161,0.086411,0.057117,0.014311,MITF_NonUV,MITF_NonUV
10,0.048562,0.276257,0.128857,0.546324,MITF_NonUV,MITF_NonUV
11,0.271890,0.237545,0.098105,0.392460,MITF_NonUV,MITF_NonUV
0,0.391958,0.060094,0.060336,0.487613,MITF_UV,MITF_UV
1,0.516802,0.052360,0.408045,0.022794,MITF_UV,MITF_UV
2,0.090485,0.033731,0.837294,0.038490,MITF_UV,MITF_UV
3,0.003516,0.992411,0.002342,0.001731,MITF_UV,MITF_UV
4,0.984912,0.001448,0.012297,0.001342,MITF_UV,MITF_UV
5,0.000246,0.953220,0.002346,0.044187,MITF_UV,MITF_UV
6,0.029448,0.002046,0.968234,0.000272,MITF_UV,MITF_UV
7,0.002125,0.034886,0.000517,0.962473,MITF_UV,MITF_UV
8,0.003938,0.001685,0.992435,0.001942,MITF_UV,MITF_UV
9,0.038490,0.837294,0.033731,0.090485,MITF_UV,MITF_UV
10,0.022794,0.408045,0.052360,0.516802,MITF_UV,MITF_UV
11,0.487613,0.060336,0.060094,0.391958,MITF_UV,MITF_UV
0,0.242121,0.344010,0.225676,0.188194,MYC_NonUV,MYC_NonUV
1,0.252597,0.222129,0.467840,0.057433,MYC_NonUV,MYC_NonUV
2,0.131405,0.733142,0.131392,0.004061,MYC_NonUV,MYC_NonUV
3,0.021632,0.976183,0.001734,0.000452,MYC_NonUV,MYC_NonUV
4,0.934038,0.001050,0.037983,0.026929,MYC_NonUV,MYC_NonUV
5,0.000301,0.923826,0.002782,0.073091,MYC_NonUV,MYC_NonUV
6,0.080848,0.003839,0.914992,0.000322,MYC_NonUV,MYC_NonUV
7,0.005360,0.059053,0.000738,0.934849,MYC_NonUV,MYC_NonUV
8,0.000606,0.002112,0.976912,0.020370,MYC_NonUV,MYC_NonUV
9,0.004061,0.131392,0.733142,0.131405,MYC_NonUV,MYC_NonUV
10,0.057433,0.467840,0.222129,0.252597,MYC_NonUV,MYC_NonUV
11,0.188194,0.225676,0.344010,0.242121,MYC_NonUV,MYC_NonUV
0,0.121552,0.171684,0.217931,0.488833,MYC_UV,MYC_UV
1,0.162679,0.180014,0.603221,0.054086,MYC_UV,MYC_UV
2,0.371390,0.032551,0.593252,0.002807,MYC_UV,MYC_UV
3,0.014582,0.977694,0.003390,0.004333,MYC_UV,MYC_UV
4,0.761496,0.005395,0.230237,0.002872,MYC_UV,MYC_UV
5,0.001080,0.689265,0.006968,0.302688,MYC_UV,MYC_UV
6,0.164253,0.006332,0.828026,0.001390,MYC_UV,MYC_UV
7,0.004525,0.081932,0.004324,0.909219,MYC_UV,MYC_UV
8,0.004961,0.004217,0.986572,0.004250,MYC_UV,MYC_UV
9,0.002807,0.593252,0.032551,0.371390,MYC_UV,MYC_UV
10,0.054086,0.603221,0.180014,0.162679,MYC_UV,MYC_UV
11,0.488833,0.217931,0.171684,0.121552,MYC_UV,MYC_UV
0,0.616228,0.109729,0.186586,0.087457,STAT3_NonUV,STAT3_NonUV
1,0.401025,0.274944,0.120748,0.203284,STAT3_NonUV,STAT3_NonUV
2,0.071682,0.017073,0.026684,0.884561,STAT3_NonUV,STAT3_NonUV
3,0.020354,0.001229,0.028602,0.949814,STAT3_NonUV,STAT3_NonUV
4,0.367170,0.522847,0.012912,0.097071,STAT3_NonUV,STAT3_NonUV
5,0.005904,0.902471,0.041137,0.050488,STAT3_NonUV,STAT3_NonUV
6,0.012807,0.743938,0.137077,0.106178,STAT3_NonUV,STAT3_NonUV
7,0.148684,0.081516,0.759644,0.010157,STAT3_NonUV,STAT3_NonUV
8,0.047009,0.015083,0.372806,0.565102,STAT3_NonUV,STAT3_NonUV
9,0.834156,0.063972,0.005748,0.096123,STAT3_NonUV,STAT3_NonUV
10,0.763589,0.100878,0.038830,0.096704,STAT3_NonUV,STAT3_NonUV
11,0.597153,0.060811,0.116607,0.225428,STAT3_NonUV,STAT3_NonUV
12,0.058000,0.058190,0.507458,0.376352,STAT3_NonUV,STAT3_NonUV
0,0.633251,0.039947,0.237034,0.089768,STAT3_UV,STAT3_UV
1,0.412603,0.154065,0.238676,0.194656,STAT3_UV,STAT3_UV
2,0.041256,0.002677,0.009848,0.946219,STAT3_UV,STAT3_UV
3,0.046818,0.018199,0.031913,0.903069,STAT3_UV,STAT3_UV
4,0.344543,0.638981,0.002164,0.014312,STAT3_UV,STAT3_UV
5,0.018511,0.964597,0.007295,0.009597,STAT3_UV,STAT3_UV
6,0.067672,0.253366,0.612872,0.066090,STAT3_UV,STAT3_UV
7,0.045339,0.010530,0.868039,0.076092,STAT3_UV,STAT3_UV
8,0.017239,0.006388,0.165390,0.810984,STAT3_UV,STAT3_UV
9,0.906340,0.040108,0.003996,0.049556,STAT3_UV,STAT3_UV
10,0.735739,0.132927,0.029356,0.101979,STAT3_UV,STAT3_UV
11,0.521618,0.056451,0.271209,0.150721,STAT3_UV,STAT3_UV
12,0.218682,0.041699,0.026933,0.712687,STAT3_UV,STAT3_UV
0,0.366371,0.312598,0.080966,0.240064,CREB1_NonUV,CREB1_NonUV
1,0.303892,0.121417,0.252709,0.321982,CREB1_NonUV,CREB1_NonUV
2,0.520408,0.006557,0.471634,0.001401,CREB1_NonUV,CREB1_NonUV
3,0.002845,0.012931,0.000516,0.983708,CREB1_NonUV,CREB1_NonUV
4,0.000999,0.001469,0.920429,0.077103,CREB1_NonUV,CREB1_NonUV
5,0.978316,0.000247,0.001879,0.019557,CREB1_NonUV,CREB1_NonUV
6,0.000417,0.979313,0.001496,0.018775,CREB1_NonUV,CREB1_NonUV
7,0.011113,0.001352,0.986812,0.000723,CREB1_NonUV,CREB1_NonUV
8,0.010136,0.048959,0.000932,0.939973,CREB1_NonUV,CREB1_NonUV
9,0.871793,0.061723,0.044082,0.022401,CREB1_NonUV,CREB1_NonUV
10,0.590660,0.028474,0.171207,0.209659,CREB1_NonUV,CREB1_NonUV
11,0.270339,0.145934,0.272110,0.311616,CREB1_NonUV,CREB1_NonUV
12,0.289797,0.179024,0.095031,0.436147,CREB1_NonUV,CREB1_NonUV
13,0.275479,0.110564,0.194119,0.419838,CREB1_NonUV,CREB1_NonUV
0,0.381443,0.309696,0.148968,0.159892,CREB1_UV,CREB1_UV
1,0.226585,0.142498,0.321581,0.309336,CREB1_UV,CREB1_UV
2,0.423365,0.004885,0.571060,0.000690,CREB1_UV,CREB1_UV
3,0.001280,0.005708,0.005351,0.987661,CREB1_UV,CREB1_UV
4,0.001450,0.001304,0.890121,0.107124,CREB1_UV,CREB1_UV
5,0.979104,0.000247,0.002302,0.018347,CREB1_UV,CREB1_UV
6,0.000519,0.988045,0.001900,0.009535,CREB1_UV,CREB1_UV
7,0.012671,0.001138,0.985374,0.000817,CREB1_UV,CREB1_UV
8,0.003187,0.075457,0.001020,0.920336,CREB1_UV,CREB1_UV
9,0.814411,0.077994,0.072591,0.035004,CREB1_UV,CREB1_UV
10,0.446467,0.091675,0.203785,0.258073,CREB1_UV,CREB1_UV
11,0.157899,0.180341,0.413600,0.248160,CREB1_UV,CREB1_UV
12,0.231576,0.267156,0.140474,0.360794,CREB1_UV,CREB1_UV
13,0.275603,0.121226,0.102093,0.501078,CREB1_UV,CREB1_UV
0,0.143448,0.222570,0.541607,0.092375,EGR1_NonUV,EGR1_NonUV
1,0.221466,0.437351,0.225411,0.115772,EGR1_NonUV,EGR1_NonUV
2,0.394247,0.390728,0.106032,0.108993,EGR1_NonUV,EGR1_NonUV
3,0.054135,0.837218,0.041797,0.066849,EGR1_NonUV,EGR1_NonUV
4,0.204765,0.261974,0.421030,0.112231,EGR1_NonUV,EGR1_NonUV
5,0.039577,0.952747,0.001978,0.005698,EGR1_NonUV,EGR1_NonUV
6,0.003306,0.991988,0.003341,0.001365,EGR1_NonUV,EGR1_NonUV
7,0.002224,0.957124,0.000768,0.039885,EGR1_NonUV,EGR1_NonUV
8,0.851045,0.142862,0.004479,0.001614,EGR1_NonUV,EGR1_NonUV
9,0.001465,0.992062,0.001256,0.005217,EGR1_NonUV,EGR1_NonUV
10,0.032603,0.013758,0.932196,0.021443,EGR1_NonUV,EGR1_NonUV
11,0.005501,0.927876,0.007698,0.058925,EGR1_NonUV,EGR1_NonUV
12,0.642332,0.111836,0.171710,0.074122,EGR1_NonUV,EGR1_NonUV
13,0.158209,0.323840,0.168814,0.349138,EGR1_NonUV,EGR1_NonUV
14,0.257174,0.292780,0.272416,0.177631,EGR1_NonUV,EGR1_NonUV
0,0.262910,0.085221,0.248127,0.403741,EGR1_UV,EGR1_UV
1,0.249315,0.110331,0.565332,0.075022,EGR1_UV,EGR1_UV
2,0.244097,0.134068,0.505556,0.116279,EGR1_UV,EGR1_UV
3,0.087449,0.410921,0.192568,0.309063,EGR1_UV,EGR1_UV
4,0.260039,0.186238,0.424437,0.129286,EGR1_UV,EGR1_UV
5,0.087537,0.890391,0.010446,0.011627,EGR1_UV,EGR1_UV
6,0.004811,0.982409,0.011487,0.001293,EGR1_UV,EGR1_UV
7,0.004395,0.903500,0.001542,0.090563,EGR1_UV,EGR1_UV
8,0.932666,0.056387,0.008992,0.001956,EGR1_UV,EGR1_UV
9,0.001914,0.992109,0.002705,0.003272,EGR1_UV,EGR1_UV
10,0.049611,0.032539,0.913547,0.004303,EGR1_UV,EGR1_UV
11,0.007106,0.947396,0.015293,0.030205,EGR1_UV,EGR1_UV
12,0.723894,0.071700,0.170283,0.034123,EGR1_UV,EGR1_UV
13,0.083235,0.620412,0.099089,0.197264,EGR1_UV,EGR1_UV
14,0.264976,0.363993,0.077944,0.293088,EGR1_UV,EGR1_UV
0,0.266788,0.101619,0.100252,0.531341,GATA1_NonUV,GATA1_NonUV
1,0.461071,0.225877,0.114021,0.199031,GATA1_NonUV,GATA1_NonUV
2,0.187542,0.497903,0.218166,0.096389,GATA1_NonUV,GATA1_NonUV
3,0.608328,0.194267,0.002204,0.195201,GATA1_NonUV,GATA1_NonUV
4,0.002596,0.001595,0.993204,0.002605,GATA1_NonUV,GATA1_NonUV
5,0.993908,0.001531,0.002973,0.001588,GATA1_NonUV,GATA1_NonUV
6,0.001265,0.004259,0.001653,0.992822,GATA1_NonUV,GATA1_NonUV
7,0.946582,0.002004,0.000307,0.051108,GATA1_NonUV,GATA1_NonUV
8,0.983416,0.003068,0.006976,0.006540,GATA1_NonUV,GATA1_NonUV
9,0.023086,0.271405,0.693670,0.011839,GATA1_NonUV,GATA1_NonUV
10,0.427050,0.131091,0.424432,0.017427,GATA1_NonUV,GATA1_NonUV
11,0.406454,0.176586,0.254758,0.162202,GATA1_NonUV,GATA1_NonUV
0,0.383989,0.074293,0.234458,0.307261,GATA1_UV,GATA1_UV
1,0.190601,0.336363,0.384279,0.088757,GATA1_UV,GATA1_UV
2,0.376755,0.154322,0.409044,0.059879,GATA1_UV,GATA1_UV
3,0.239966,0.645218,0.044547,0.070270,GATA1_UV,GATA1_UV
4,0.004347,0.001138,0.991185,0.003330,GATA1_UV,GATA1_UV
5,0.982808,0.000704,0.001777,0.014712,GATA1_UV,GATA1_UV
6,0.003441,0.004948,0.000593,0.991018,GATA1_UV,GATA1_UV
7,0.945780,0.002153,0.000518,0.051550,GATA1_UV,GATA1_UV
8,0.703309,0.007015,0.011316,0.278360,GATA1_UV,GATA1_UV
9,0.001669,0.942220,0.038165,0.017946,GATA1_UV,GATA1_UV
10,0.160458,0.050231,0.665199,0.124112,GATA1_UV,GATA1_UV
11,0.240468,0.224214,0.214830,0.320487,GATA1_UV,GATA1_UV
0,0.281347,0.177313,0.298541,0.242800,P53_NonUV,P53_NonUV
1,0.186491,0.004712,0.774666,0.034132,P53_NonUV,P53_NonUV
2,0.788467,0.003968,0.192615,0.014950,P53_NonUV,P53_NonUV
3,0.009314,0.969289,0.013717,0.007680,P53_NonUV,P53_NonUV
4,0.938359,0.024284,0.007071,0.030286,P53_NonUV,P53_NonUV
5,0.024881,0.017065,0.022262,0.935791,P53_NonUV,P53_NonUV
6,0.011825,0.010764,0.966480,0.010932,P53_NonUV,P53_NonUV
7,0.043515,0.088565,0.011915,0.856005,P53_NonUV,P53_NonUV
8,0.034132,0.774666,0.004712,0.186491,P53_NonUV,P53_NonUV
9,0.242800,0.298541,0.177313,0.281347,P53_NonUV,P53_NonUV
0,0.377742,0.278833,0.162555,0.180870,P53_UV,P53_UV
1,0.214503,0.003409,0.763047,0.019041,P53_UV,P53_UV
2,0.820236,0.002124,0.166885,0.010755,P53_UV,P53_UV
3,0.018816,0.973737,0.004545,0.002902,P53_UV,P53_UV
4,0.955181,0.006795,0.003752,0.034272,P53_UV,P53_UV
5,0.022319,0.008736,0.007965,0.960980,P53_UV,P53_UV
6,0.006625,0.001957,0.935059,0.056359,P53_UV,P53_UV
7,0.026051,0.117760,0.004272,0.851917,P53_UV,P53_UV
8,0.019041,0.763047,0.003409,0.214503,P53_UV,P53_UV
9,0.180870,0.162555,0.278833,0.377742,P53_UV,P53_UV
0,0.150084,0.205492,0.167680,0.476744,TBP_NonUV,TBP_NonUV
1,0.429479,0.111743,0.035299,0.423478,TBP_NonUV,TBP_NonUV
2,0.392011,0.031292,0.010279,0.566419,TBP_NonUV,TBP_NonUV
3,0.181560,0.001841,0.006417,0.810181,TBP_NonUV,TBP_NonUV
4,0.678300,0.001075,0.001529,0.319095,TBP_NonUV,TBP_NonUV
5,0.220523,0.001216,0.001249,0.777012,TBP_NonUV,TBP_NonUV
6,0.794708,0.002174,0.001863,0.201255,TBP_NonUV,TBP_NonUV
7,0.474812,0.001558,0.005534,0.518096,TBP_NonUV,TBP_NonUV
8,0.803798,0.005511,0.027623,0.163069,TBP_NonUV,TBP_NonUV
9,0.675268,0.008016,0.041422,0.275294,TBP_NonUV,TBP_NonUV
10,0.388964,0.095213,0.213642,0.302181,TBP_NonUV,TBP_NonUV
11,0.314347,0.147383,0.159468,0.378802,TBP_NonUV,TBP_NonUV
12,0.425130,0.035583,0.135865,0.403422,TBP_NonUV,TBP_NonUV
13,0.511622,0.091120,0.133476,0.263782,TBP_NonUV,TBP_NonUV
0,0.499201,0.072076,0.097394,0.331329,TBP_UV,TBP_UV
1,0.391650,0.006732,0.045091,0.556527,TBP_UV,TBP_UV
2,0.872833,0.006582,0.003698,0.116887,TBP_UV,TBP_UV
3,0.029294,0.003631,0.003875,0.963201,TBP_UV,TBP_UV
4,0.958147,0.001699,0.002768,0.037386,TBP_UV,TBP_UV
5,0.087896,0.002526,0.002035,0.907543,TBP_UV,TBP_UV
6,0.889581,0.013132,0.005502,0.091785,TBP_UV,TBP_UV
7,0.299159,0.019184,0.012209,0.669447,TBP_UV,TBP_UV
8,0.556527,0.045091,0.006732,0.391650,TBP_UV,TBP_UV
9,0.331329,0.097394,0.072076,0.499201,TBP_UV,TBP_UV
10,0.329015,0.203436,0.139111,0.328438,TBP_UV,TBP_UV
11,0.187100,0.220525,0.159663,0.432712,TBP_UV,TBP_UV
12,0.202432,0.053458,0.364813,0.379296,TBP_UV,TBP_UV
13,0.139936,0.214408,0.334958,0.310697,TBP_UV,TBP_UV
